"id_ecuacion","tema","nivel","consulta_booleana","idioma","objetivo","url_scholar"
"MD-001","01_mineria_datos","General / Fundacional","(""data mining"" OR ""minería de datos"") AND (overview OR foundations OR taxonomy OR survey) -commercial","Bilingüe (ES/EN)","Capturar estudios seminales, marcos teóricos y taxonomías canónicas de la minería de datos.","https://scholar.google.com/scholar?q=%28%22data%20mining%22%20OR%20%22miner%C3%ADa%20de%20datos%22%29%20AND%20%28overview%20OR%20foundations%20OR%20taxonomy%20OR%20survey%29%20-commercial"
"MD-002","01_mineria_datos","Metodológico / Algoritmos Centrales","(""data mining"" OR ""minería de datos"") AND (""unsupervised learning"" OR ""supervised learning"" OR clustering OR ""association rules"") AND (algorithms OR evaluation)","Bilingüe (ES/EN)","Identificar literatura especializada en las familias algorítmicas centrales supervisadas y no supervisadas.","https://scholar.google.com/scholar?q=%28%22data%20mining%22%20OR%20%22miner%C3%ADa%20de%20datos%22%29%20AND%20%28%22unsupervised%20learning%22%20OR%20%22supervised%20learning%22%20OR%20clustering%20OR%20%22association%20rules%22%29%20AND%20%28algorithms%20OR%20evaluation%29"
"MD-003","01_mineria_datos","Sistemático / Estado del Arte","(""data mining techniques"" OR ""técnicas de minería de datos"") AND (""systematic literature review"" OR ""systematic review"") AND (trends OR applications)","Bilingüe (ES/EN)","Recuperar revisiones sistemáticas de literatura que resuman tendencias y dominios de aplicación contemporáneos.","https://scholar.google.com/scholar?q=%28%22data%20mining%20techniques%22%20OR%20%22t%C3%A9cnicas%20de%20miner%C3%ADa%20de%20datos%22%29%20AND%20%28%22systematic%20literature%20review%22%20OR%20%22systematic%20review%22%29%20AND%20%28trends%20OR%20applications%29"
"MD-004","01_mineria_datos","Reglas de Asociación","(""association rules"" OR ""reglas de asociación"") AND (""Apriori"" OR ""FP-Growth"" OR ""Eclat"") AND (""frequent itemsets"" OR ""conjuntos frecuentes"")","Bilingüe (ES/EN)","Analizar algoritmos para descubrimiento de dependencias y patrones de co-ocurrencia en bases transaccionales.","https://scholar.google.com/scholar?q=%28%22association%20rules%22%20OR%20%22reglas%20de%20asociaci%C3%B3n%22%29%20AND%20%28%22Apriori%22%20OR%20%22FP-Growth%22%20OR%20%22Eclat%22%29%20AND%20%28%22frequent%20itemsets%22%20OR%20%22conjuntos%20frecuentes%22%29"
"MD-005","01_mineria_datos","Análisis de Conglomerados","(""cluster analysis"" OR ""análisis de conglomerados"" OR ""clustering"") AND (""k-means"" OR ""DBSCAN"" OR ""hierarchical clustering"") AND (""data mining"" OR ""minería de datos"")","Bilingüe (ES/EN)","Identificar métodos particionales, jerárquicos y basados en densidad para segmentación de datos no supervisada.","https://scholar.google.com/scholar?q=%28%22cluster%20analysis%22%20OR%20%22an%C3%A1lisis%20de%20conglomerados%22%20OR%20%22clustering%22%29%20AND%20%28%22k-means%22%20OR%20%22DBSCAN%22%20OR%20%22hierarchical%20clustering%22%29%20AND%20%28%22data%20mining%22%20OR%20%22miner%C3%ADa%20de%20datos%22%29"
"MD-006","01_mineria_datos","Detección de Anomalías","(""outlier detection"" OR ""anomaly detection"" OR ""detección de anomalías"") AND (""data mining"" OR ""minería de datos"") AND (algorithms OR methods)","Bilingüe (ES/EN)","Examinar técnicas para aislar observaciones discordantes con respecto al patrón general del corpus.","https://scholar.google.com/scholar?q=%28%22outlier%20detection%22%20OR%20%22anomaly%20detection%22%20OR%20%22detecci%C3%B3n%20de%20anomal%C3%ADas%22%29%20AND%20%28%22data%20mining%22%20OR%20%22miner%C3%ADa%20de%20datos%22%29%20AND%20%28algorithms%20OR%20methods%29"
"MD-007","01_mineria_datos","Minería de Texto","(""text mining"" OR ""minería de texto"") AND (""natural language processing"" OR ""procesamiento de lenguaje natural"") AND (""information extraction"" OR ""topic modeling"")","Bilingüe (ES/EN)","Explorar la extracción estructurada de patrones a partir de fuentes documentales no estructuradas.","https://scholar.google.com/scholar?q=%28%22text%20mining%22%20OR%20%22miner%C3%ADa%20de%20texto%22%29%20AND%20%28%22natural%20language%20processing%22%20OR%20%22procesamiento%20de%20lenguaje%20natural%22%29%20AND%20%28%22information%20extraction%22%20OR%20%22topic%20modeling%22%29"
"MD-008","01_mineria_datos","Minería de Grafos y Redes","(""graph mining"" OR ""minería de grafos"" OR ""network analysis"") AND (""subgraph isomorphism"" OR ""community detection"") AND (""data mining"")","Bilingüe (ES/EN)","Estudiar algoritmos para descubrir subestructuras frecuentes y comunidades en datos relacionales complejos.","https://scholar.google.com/scholar?q=%28%22graph%20mining%22%20OR%20%22miner%C3%ADa%20de%20grafos%22%20OR%20%22network%20analysis%22%29%20AND%20%28%22subgraph%20isomorphism%22%20OR%20%22community%20detection%22%29%20AND%20%28%22data%20mining%22%29"
"MD-009","01_mineria_datos","Flujos de Datos Continuos","(""stream data mining"" OR ""data stream"" OR ""flujos de datos"") AND (""concept drift"" OR ""cambio de concepto"") AND (""sliding window"" OR adaptive)","Bilingüe (ES/EN)","Investigar la minería en tiempo real sobre flujos infinitos de datos y mecanismos adaptativos ante deriva de concepto.","https://scholar.google.com/scholar?q=%28%22stream%20data%20mining%22%20OR%20%22data%20stream%22%20OR%20%22flujos%20de%20datos%22%29%20AND%20%28%22concept%20drift%22%20OR%20%22cambio%20de%20concepto%22%29%20AND%20%28%22sliding%20window%22%20OR%20adaptive%29"
"MD-010","01_mineria_datos","Minería de Datos Espaciales","(""spatial data mining"" OR ""minería de datos espaciales"") AND (""GIS"" OR ""geographical information"" OR ""spatial patterns"") AND (algorithms OR clustering)","Bilingüe (ES/EN)","Analizar técnicas adaptadas a la autocorrelación espacial y geometrías geográficas.","https://scholar.google.com/scholar?q=%28%22spatial%20data%20mining%22%20OR%20%22miner%C3%ADa%20de%20datos%20espaciales%22%29%20AND%20%28%22GIS%22%20OR%20%22geographical%20information%22%20OR%20%22spatial%20patterns%22%29%20AND%20%28algorithms%20OR%20clustering%29"
"MD-011","01_mineria_datos","Minería Educativa","(""educational data mining"" OR ""minería de datos educativos"") AND (""learning analytics"" OR ""student performance"" OR ""rendimiento académico"") AND (prediction OR clustering)","Bilingüe (ES/EN)","Documentar la aplicación de minería para modelar trayectorias de aprendizaje y deserción estudiantil.","https://scholar.google.com/scholar?q=%28%22educational%20data%20mining%22%20OR%20%22miner%C3%ADa%20de%20datos%20educativos%22%29%20AND%20%28%22learning%20analytics%22%20OR%20%22student%20performance%22%20OR%20%22rendimiento%20acad%C3%A9mico%22%29%20AND%20%28prediction%20OR%20clustering%29"
"MD-012","01_mineria_datos","Minería en Salud y Medicina","(""data mining in healthcare"" OR ""minería de datos en salud"" OR ""clinical data mining"") AND (""electronic health records"" OR ""medical diagnosis"" OR ""diagnóstico médico"")","Bilingüe (ES/EN)","Explorar el descubrimiento de patrones clínicos en historias clínicas electrónicas y datos biomédicos.","https://scholar.google.com/scholar?q=%28%22data%20mining%20in%20healthcare%22%20OR%20%22miner%C3%ADa%20de%20datos%20en%20salud%22%20OR%20%22clinical%20data%20mining%22%29%20AND%20%28%22electronic%20health%20records%22%20OR%20%22medical%20diagnosis%22%20OR%20%22diagn%C3%B3stico%20m%C3%A9dico%22%29"
"MD-013","01_mineria_datos","Minería Financiera y Fraude","(""financial data mining"" OR ""minería de datos financieros"") AND (""fraud detection"" OR ""detección de fraude"" OR ""credit risk"") AND (""machine learning"")","Bilingüe (ES/EN)","Evaluar modelos para identificar transacciones anómalas, riesgo crediticio y blanqueo de capitales.","https://scholar.google.com/scholar?q=%28%22financial%20data%20mining%22%20OR%20%22miner%C3%ADa%20de%20datos%20financieros%22%29%20AND%20%28%22fraud%20detection%22%20OR%20%22detecci%C3%B3n%20de%20fraude%22%20OR%20%22credit%20risk%22%29%20AND%20%28%22machine%20learning%22%29"
"MD-014","01_mineria_datos","Privacidad y Anonimización","(""privacy preserving data mining"" OR ""privacidad en minería de datos"") AND (""differential privacy"" OR ""anonymization"" OR ""k-anonymity"")","Bilingüe (ES/EN)","Revisar protocolos criptográficos y matemáticos para minar datos sin violar derechos de privacidad.","https://scholar.google.com/scholar?q=%28%22privacy%20preserving%20data%20mining%22%20OR%20%22privacidad%20en%20miner%C3%ADa%20de%20datos%22%29%20AND%20%28%22differential%20privacy%22%20OR%20%22anonymization%22%20OR%20%22k-anonymity%22%29"
"MD-015","01_mineria_datos","Minería en Big Data Distribuido","(""big data mining"" OR ""minería de macrodatos"") AND (""distributed computing"" OR ""Apache Spark"" OR ""MapReduce"") AND (scalability OR performance)","Bilingüe (ES/EN)","Examinar la adaptación de algoritmos clásicos de minería a arquitecturas masivamente paralelas.","https://scholar.google.com/scholar?q=%28%22big%20data%20mining%22%20OR%20%22miner%C3%ADa%20de%20macrodatos%22%29%20AND%20%28%22distributed%20computing%22%20OR%20%22Apache%20Spark%22%20OR%20%22MapReduce%22%29%20AND%20%28scalability%20OR%20performance%29"
"KDD-001","02_KDD","General / Fundacional","(""Knowledge Discovery in Databases"" OR ""KDD process"" OR ""proceso KDD"") AND (selection AND preprocessing AND transformation AND ""data mining"" AND evaluation)","Bilingüe (ES/EN)","Localizar las publicaciones fundacionales que definieron formalmente las cinco fases del proceso KDD.","https://scholar.google.com/scholar?q=%28%22Knowledge%20Discovery%20in%20Databases%22%20OR%20%22KDD%20process%22%20OR%20%22proceso%20KDD%22%29%20AND%20%28selection%20AND%20preprocessing%20AND%20transformation%20AND%20%22data%20mining%22%20AND%20evaluation%29"
"KDD-002","02_KDD","Metodológico / Etapas de Preparación","(""KDD"" OR ""Knowledge Discovery in Databases"") AND (""data preprocessing"" OR ""data transformation"") AND (""pattern evaluation"" OR ""knowledge representation"")","Bilingüe (ES/EN)","Profundizar en las etapas operativas de preparación de datos y evaluación de patrones descubiertos.","https://scholar.google.com/scholar?q=%28%22KDD%22%20OR%20%22Knowledge%20Discovery%20in%20Databases%22%29%20AND%20%28%22data%20preprocessing%22%20OR%20%22data%20transformation%22%29%20AND%20%28%22pattern%20evaluation%22%20OR%20%22knowledge%20representation%22%29"
"KDD-003","02_KDD","Comparativo / Evolución Epistemológica","(""KDD process"" OR ""Knowledge Discovery"") AND (comparison OR comparative OR framework) AND (""machine learning"" OR ""business intelligence"")","Bilingüe (ES/EN)","Analizar la coexistencia y articulación del marco KDD frente a flujos contemporáneos de Machine Learning.","https://scholar.google.com/scholar?q=%28%22KDD%20process%22%20OR%20%22Knowledge%20Discovery%22%29%20AND%20%28comparison%20OR%20comparative%20OR%20framework%29%20AND%20%28%22machine%20learning%22%20OR%20%22business%20intelligence%22%29"
"KDD-004","02_KDD","Fase 1: Selección de Datos Objetivo","(""data selection"" OR ""selección de datos"") AND (""KDD"" OR ""Knowledge Discovery in Databases"") AND (""feature selection"" OR ""sampling"" OR ""target data"")","Bilingüe (ES/EN)","Estudiar los criterios de delimitación del espacio de variables y muestras pertinentes al problema.","https://scholar.google.com/scholar?q=%28%22data%20selection%22%20OR%20%22selecci%C3%B3n%20de%20datos%22%29%20AND%20%28%22KDD%22%20OR%20%22Knowledge%20Discovery%20in%20Databases%22%29%20AND%20%28%22feature%20selection%22%20OR%20%22sampling%22%20OR%20%22target%20data%22%29"
"KDD-005","02_KDD","Fase 2: Preprocesamiento y Limpieza","(""data cleaning"" OR ""data preprocessing"" OR ""limpieza de datos"") AND (""KDD"" OR ""Knowledge Discovery"") AND (""missing values"" OR ""noise reduction"" OR ""imputation"")","Bilingüe (ES/EN)","Examinar procedimientos de tratamiento de inconsistencias, ruido y estrategias de imputación de valores faltantes.","https://scholar.google.com/scholar?q=%28%22data%20cleaning%22%20OR%20%22data%20preprocessing%22%20OR%20%22limpieza%20de%20datos%22%29%20AND%20%28%22KDD%22%20OR%20%22Knowledge%20Discovery%22%29%20AND%20%28%22missing%20values%22%20OR%20%22noise%20reduction%22%20OR%20%22imputation%22%29"
"KDD-006","02_KDD","Fase 3: Transformación e Ingeniería de Variables","(""data transformation"" OR ""transformación de datos"") AND (""KDD"" OR ""Knowledge Discovery in Databases"") AND (""normalization"" OR ""discretization"" OR ""dimensionality reduction"")","Bilingüe (ES/EN)","Analizar la ingeniería de atributos derivados, reducción de dimensionalidad y normalización escalar.","https://scholar.google.com/scholar?q=%28%22data%20transformation%22%20OR%20%22transformaci%C3%B3n%20de%20datos%22%29%20AND%20%28%22KDD%22%20OR%20%22Knowledge%20Discovery%20in%20Databases%22%29%20AND%20%28%22normalization%22%20OR%20%22discretization%22%20OR%20%22dimensionality%20reduction%22%29"
"KDD-007","02_KDD","Fase 4: Minería de Datos en el Contexto KDD","(""data mining step"" OR ""fase de minería de datos"") AND (""KDD process"" OR ""proceso KDD"") AND (""pattern extraction"" OR ""model fitting"" OR ""algoritmos"")","Bilingüe (ES/EN)","Comprender la articulación de la búsqueda algorítmica de patrones dentro del proceso global interactivo.","https://scholar.google.com/scholar?q=%28%22data%20mining%20step%22%20OR%20%22fase%20de%20miner%C3%ADa%20de%20datos%22%29%20AND%20%28%22KDD%20process%22%20OR%20%22proceso%20KDD%22%29%20AND%20%28%22pattern%20extraction%22%20OR%20%22model%20fitting%22%20OR%20%22algoritmos%22%29"
"KDD-008","02_KDD","Fase 5: Medidas de Interés y Evaluación","(""pattern evaluation"" OR ""evaluación de patrones"" OR ""knowledge interpretation"") AND (""KDD"" OR ""Knowledge Discovery"") AND (""interestingness measures"" OR ""validity"")","Bilingüe (ES/EN)","Documentar métricas objetivas y subjetivas para discriminar patrones triviales de hallazgos genuinos.","https://scholar.google.com/scholar?q=%28%22pattern%20evaluation%22%20OR%20%22evaluaci%C3%B3n%20de%20patrones%22%20OR%20%22knowledge%20interpretation%22%29%20AND%20%28%22KDD%22%20OR%20%22Knowledge%20Discovery%22%29%20AND%20%28%22interestingness%20measures%22%20OR%20%22validity%22%29"
"KDD-009","02_KDD","Modelos Derivados de Proceso KDD","(""KDD process models"" OR ""modelos de proceso KDD"") AND (""systematic survey"" OR ""taxonomic review"") AND (""Cios"" OR ""Cabena"" OR ""Fayyad"")","Bilingüe (ES/EN)","Comparar de forma sistemática los principales modelos de procesos de KDD académicos.","https://scholar.google.com/scholar?q=%28%22KDD%20process%20models%22%20OR%20%22modelos%20de%20proceso%20KDD%22%29%20AND%20%28%22systematic%20survey%22%20OR%20%22taxonomic%20review%22%29%20AND%20%28%22Cios%22%20OR%20%22Cabena%22%20OR%20%22Fayyad%22%29"
"KDD-010","02_KDD","Interacción con el Usuario y Experto de Dominio","(""interactive KDD"" OR ""human-in-the-loop KDD"" OR ""visual data mining"") AND (""domain expert"" OR ""user interaction"") AND (""knowledge discovery"")","Bilingüe (ES/EN)","Analizar el papel del conocimiento experto humano y la visualización en la validación de hipótesis KDD.","https://scholar.google.com/scholar?q=%28%22interactive%20KDD%22%20OR%20%22human-in-the-loop%20KDD%22%20OR%20%22visual%20data%20mining%22%29%20AND%20%28%22domain%20expert%22%20OR%20%22user%20interaction%22%29%20AND%20%28%22knowledge%20discovery%22%29"
"KDD-011","02_KDD","Aplicación KDD en Bioinformática","(""KDD in bioinformatics"" OR ""KDD en bioinformática"") AND (""genomics"" OR ""protein structure"" OR ""gene expression"") AND (""knowledge discovery in databases"")","Bilingüe (ES/EN)","Investigar el proceso KDD aplicado a descifrar patrones en secuencias biológicas y transcriptómica.","https://scholar.google.com/scholar?q=%28%22KDD%20in%20bioinformatics%22%20OR%20%22KDD%20en%20bioinform%C3%A1tica%22%29%20AND%20%28%22genomics%22%20OR%20%22protein%20structure%22%20OR%20%22gene%20expression%22%29%20AND%20%28%22knowledge%20discovery%20in%20databases%22%29"
"KDD-012","02_KDD","Aplicación KDD en Industria y Manufactura","(""industrial KDD"" OR ""KDD industrial"" OR ""enterprise knowledge discovery"") AND (""manufacturing"" OR ""supply chain"" OR ""telecommunications"")","Bilingüe (ES/EN)","Evaluar la aplicación de KDD para optimización de procesos de planta y gestión de redes.","https://scholar.google.com/scholar?q=%28%22industrial%20KDD%22%20OR%20%22KDD%20industrial%22%20OR%20%22enterprise%20knowledge%20discovery%22%29%20AND%20%28%22manufacturing%22%20OR%20%22supply%20chain%22%20OR%20%22telecommunications%22%29"
"KDD-013","02_KDD","Integración con Pipelines Modernos","(""KDD methodologies"" OR ""metodologías KDD"") AND (""data science pipeline"" OR ""machine learning lifecycle"") AND (integration OR comparison)","Bilingüe (ES/EN)","Analizar cómo los pipelines contemporáneos de datos heredan y adaptan los principios KDD.","https://scholar.google.com/scholar?q=%28%22KDD%20methodologies%22%20OR%20%22metodolog%C3%ADas%20KDD%22%29%20AND%20%28%22data%20science%20pipeline%22%20OR%20%22machine%20learning%20lifecycle%22%29%20AND%20%28integration%20OR%20comparison%29"
"KDD-014","02_KDD","Automatización y AutoML en KDD","(""automated KDD"" OR ""KDD automatizado"" OR ""AutoML in KDD"") AND (""pipeline optimization"" OR ""workflow automation"") AND (""knowledge discovery"")","Bilingüe (ES/EN)","Estudiar la automatización de la selección de hiperparámetros y transformaciones en KDD.","https://scholar.google.com/scholar?q=%28%22automated%20KDD%22%20OR%20%22KDD%20automatizado%22%20OR%20%22AutoML%20in%20KDD%22%29%20AND%20%28%22pipeline%20optimization%22%20OR%20%22workflow%20automation%22%29%20AND%20%28%22knowledge%20discovery%22%29"
"KDD-015","02_KDD","Desafíos Epistemológicos y de Escalabilidad","(""challenges in KDD"" OR ""retos en KDD"") AND (""unstructured data"" OR ""big data"" OR ""scalability"") AND (""Knowledge Discovery in Databases"")","Bilingüe (ES/EN)","Identificar las fronteras de investigación no resueltas en KDD frente a datos no estructurados y masivos.","https://scholar.google.com/scholar?q=%28%22challenges%20in%20KDD%22%20OR%20%22retos%20en%20KDD%22%29%20AND%20%28%22unstructured%20data%22%20OR%20%22big%20data%22%20OR%20%22scalability%22%29%20AND%20%28%22Knowledge%20Discovery%20in%20Databases%22%29"
"CRISP-001","03_CRISP_DM","General / Estándar Original","(""CRISP-DM"" OR ""CRISP DM"" OR ""Cross-Industry Standard Process for Data Mining"") AND (""business understanding"" OR ""data understanding"") AND (""data preparation"" OR modeling)","Bilingüe (ES/EN)","Obtener los documentos rectores y guías formales del consorcio CRISP-DM y sus seis fases cíclicas.","https://scholar.google.com/scholar?q=%28%22CRISP-DM%22%20OR%20%22CRISP%20DM%22%20OR%20%22Cross-Industry%20Standard%20Process%20for%20Data%20Mining%22%29%20AND%20%28%22business%20understanding%22%20OR%20%22data%20understanding%22%29%20AND%20%28%22data%20preparation%22%20OR%20modeling%29"
"CRISP-002","03_CRISP_DM","Evolución y Aseguramiento de Calidad (CRISP-ML)","(""CRISP-DM"" OR ""CRISP"") AND (""machine learning lifecycle"" OR ""CRISP-ML"" OR ""agile data science"" OR MLOps)","Bilingüe (ES/EN)","Investigar las adaptaciones modernas del marco, tales como CRISP-ML(Q) y su interacción con paradigmas MLOps.","https://scholar.google.com/scholar?q=%28%22CRISP-DM%22%20OR%20%22CRISP%22%29%20AND%20%28%22machine%20learning%20lifecycle%22%20OR%20%22CRISP-ML%22%20OR%20%22agile%20data%20science%22%20OR%20MLOps%29"
"CRISP-003","03_CRISP_DM","Estudios de Caso y Aplicación Industrial","(""CRISP-DM methodology"" OR ""metodología CRISP-DM"") AND (""case study"" OR ""industrial application"" OR ""estudio de caso"") AND (deployment OR evaluation)","Bilingüe (ES/EN)","Analizar la ejecución práctica de las fases finales (Evaluación y Despliegue) en dominios productivos reales.","https://scholar.google.com/scholar?q=%28%22CRISP-DM%20methodology%22%20OR%20%22metodolog%C3%ADa%20CRISP-DM%22%29%20AND%20%28%22case%20study%22%20OR%20%22industrial%20application%22%20OR%20%22estudio%20de%20caso%22%29%20AND%20%28deployment%20OR%20evaluation%29"
"CRISP-004","03_CRISP_DM","Fase 1: Comprensión del Negocio","(""business understanding"" OR ""comprensión del negocio"") AND (""CRISP-DM"" OR ""CRISP"") AND (""KPI"" OR ""business objectives"" OR ""success criteria"")","Bilingüe (ES/EN)","Documentar la formulación de criterios de éxito comercial, evaluación de riesgos y definición de metas analíticas.","https://scholar.google.com/scholar?q=%28%22business%20understanding%22%20OR%20%22comprensi%C3%B3n%20del%20negocio%22%29%20AND%20%28%22CRISP-DM%22%20OR%20%22CRISP%22%29%20AND%20%28%22KPI%22%20OR%20%22business%20objectives%22%20OR%20%22success%20criteria%22%29"
"CRISP-005","03_CRISP_DM","Fase 2: Comprensión de los Datos","(""data understanding"" OR ""comprensión de los datos"") AND (""CRISP-DM"" OR ""CRISP"") AND (""exploratory data analysis"" OR ""data quality"" OR ""EDA"")","Bilingüe (ES/EN)","Analizar la recolección inicial, exploración descriptiva y diagnóstico de calidad de fuentes de datos disponibles.","https://scholar.google.com/scholar?q=%28%22data%20understanding%22%20OR%20%22comprensi%C3%B3n%20de%20los%20datos%22%29%20AND%20%28%22CRISP-DM%22%20OR%20%22CRISP%22%29%20AND%20%28%22exploratory%20data%20analysis%22%20OR%20%22data%20quality%22%20OR%20%22EDA%22%29"
"CRISP-006","03_CRISP_DM","Fase 3: Preparación de Datos","(""data preparation"" OR ""preparación de datos"") AND (""CRISP-DM"" OR ""CRISP"") AND (""feature engineering"" OR ""transformation"" OR ""data cleaning"")","Bilingüe (ES/EN)","Examinar las tareas de selección de tablas, limpieza de registros e ingeniería de características finales.","https://scholar.google.com/scholar?q=%28%22data%20preparation%22%20OR%20%22preparaci%C3%B3n%20de%20datos%22%29%20AND%20%28%22CRISP-DM%22%20OR%20%22CRISP%22%29%20AND%20%28%22feature%20engineering%22%20OR%20%22transformation%22%20OR%20%22data%20cleaning%22%29"
"CRISP-007","03_CRISP_DM","Fase 4: Modelado y Calibración","(""modeling phase"" OR ""fase de modelado"") AND (""CRISP-DM"" OR ""CRISP"") AND (""model assessment"" OR ""parameter tuning"" OR ""algorithm selection"")","Bilingüe (ES/EN)","Estudiar la selección de técnicas de modelado, diseño de pruebas y calibración óptima de hiperparámetros.","https://scholar.google.com/scholar?q=%28%22modeling%20phase%22%20OR%20%22fase%20de%20modelado%22%29%20AND%20%28%22CRISP-DM%22%20OR%20%22CRISP%22%29%20AND%20%28%22model%20assessment%22%20OR%20%22parameter%20tuning%22%20OR%20%22algorithm%20selection%22%29"
"CRISP-008","03_CRISP_DM","Fase 5: Evaluación contra Objetivos","(""evaluation phase"" OR ""fase de evaluación"") AND (""CRISP-DM"" OR ""CRISP"") AND (""business criteria"" OR ""model approval"" OR ""review of process"")","Bilingüe (ES/EN)","Analizar cómo contrastar las métricas estadísticas frente a los criterios comerciales de éxito antes del despliegue.","https://scholar.google.com/scholar?q=%28%22evaluation%20phase%22%20OR%20%22fase%20de%20evaluaci%C3%B3n%22%29%20AND%20%28%22CRISP-DM%22%20OR%20%22CRISP%22%29%20AND%20%28%22business%20criteria%22%20OR%20%22model%20approval%22%20OR%20%22review%20of%20process%22%29"
"CRISP-009","03_CRISP_DM","Fase 6: Despliegue y Mantenimiento","(""deployment phase"" OR ""fase de despliegue"") AND (""CRISP-DM"" OR ""CRISP"") AND (""model monitoring"" OR ""maintenance plan"" OR ""production rollout"")","Bilingüe (ES/EN)","Revisar estrategias de integración en sistemas productivos, planes de monitoreo continuo y mantenimiento preventivo.","https://scholar.google.com/scholar?q=%28%22deployment%20phase%22%20OR%20%22fase%20de%20despliegue%22%29%20AND%20%28%22CRISP-DM%22%20OR%20%22CRISP%22%29%20AND%20%28%22model%20monitoring%22%20OR%20%22maintenance%20plan%22%20OR%20%22production%20rollout%22%29"
"CRISP-010","03_CRISP_DM","Integración Ágil (Agile CRISP-DM)","(""CRISP-DM"" AND ""Agile"") OR (""Agile CRISP-DM"") AND (""Scrum"" OR ""Kanban"" OR ""sprint"") AND (""data science"")","Bilingüe (ES/EN)","Examinar la sincronización de las fases cíclicas de CRISP-DM con ceremonias ágiles Scrum/Kanban en sprints de datos.","https://scholar.google.com/scholar?q=%28%22CRISP-DM%22%20AND%20%22Agile%22%29%20OR%20%28%22Agile%20CRISP-DM%22%29%20AND%20%28%22Scrum%22%20OR%20%22Kanban%22%20OR%20%22sprint%22%29%20AND%20%28%22data%20science%22%29"
"CRISP-011","03_CRISP_DM","Aplicación en Banca y Finanzas","(""CRISP-DM"" OR ""CRISP"") AND (""banking"" OR ""finance"" OR ""banca"") AND (""credit scoring"" OR ""fraud detection"" OR ""churn"")","Bilingüe (ES/EN)","Analizar cómo instituciones bancarias estructuran sus casos de scoring crediticio y prevención de fuga con CRISP-DM.","https://scholar.google.com/scholar?q=%28%22CRISP-DM%22%20OR%20%22CRISP%22%29%20AND%20%28%22banking%22%20OR%20%22finance%22%20OR%20%22banca%22%29%20AND%20%28%22credit%20scoring%22%20OR%20%22fraud%20detection%22%20OR%20%22churn%22%29"
"CRISP-012","03_CRISP_DM","Aplicación en Sector Salud","(""CRISP-DM"" OR ""CRISP"") AND (""healthcare"" OR ""salud"" OR ""clinical"") AND (""patient outcome"" OR ""medical diagnosis"")","Bilingüe (ES/EN)","Documentar la adaptación de CRISP-DM a protocolos médicos, validación bioética y comités clínicos.","https://scholar.google.com/scholar?q=%28%22CRISP-DM%22%20OR%20%22CRISP%22%29%20AND%20%28%22healthcare%22%20OR%20%22salud%22%20OR%20%22clinical%22%29%20AND%20%28%22patient%20outcome%22%20OR%20%22medical%20diagnosis%22%29"
"CRISP-013","03_CRISP_DM","Aplicación en Manufactura e Industria 4.0","(""CRISP-DM"" OR ""CRISP"") AND (""manufacturing"" OR ""Industry 4.0"" OR ""manufactura"") AND (""predictive maintenance"" OR ""quality control"")","Bilingüe (ES/EN)","Evaluar el uso de CRISP-DM para mantenimiento predictivo y control de calidad en plantas inteligentes.","https://scholar.google.com/scholar?q=%28%22CRISP-DM%22%20OR%20%22CRISP%22%29%20AND%20%28%22manufacturing%22%20OR%20%22Industry%204.0%22%20OR%20%22manufactura%22%29%20AND%20%28%22predictive%20maintenance%22%20OR%20%22quality%20control%22%29"
"CRISP-014","03_CRISP_DM","Comparativa: CRISP-DM vs SEMMA vs KDD","(""CRISP-DM vs SEMMA"" OR ""CRISP-DM versus KDD"" OR ""comparison of data mining methodologies"") AND (""framework"" OR ""strengths and weaknesses"")","Bilingüe (ES/EN)","Contrastar fortalezas operativas, grados de formalidad y orientaciones entre los tres grandes estándares.","https://scholar.google.com/scholar?q=%28%22CRISP-DM%20vs%20SEMMA%22%20OR%20%22CRISP-DM%20versus%20KDD%22%20OR%20%22comparison%20of%20data%20mining%20methodologies%22%29%20AND%20%28%22framework%22%20OR%20%22strengths%20and%20weaknesses%22%29"
"CRISP-015","03_CRISP_DM","Limitaciones Modernas y Gobernanza Ética","(""limitations of CRISP-DM"" OR ""limitaciones de CRISP-DM"") AND (""big data"" OR ""deep learning"" OR ""governance"" OR ""ethics"")","Bilingüe (ES/EN)","Identificar vacíos del estándar original frente a modelos no supervisados continuos, sesgo ético y normativas.","https://scholar.google.com/scholar?q=%28%22limitations%20of%20CRISP-DM%22%20OR%20%22limitaciones%20de%20CRISP-DM%22%29%20AND%20%28%22big%20data%22%20OR%20%22deep%20learning%22%20OR%20%22governance%22%20OR%20%22ethics%22%29"
"MOD-001","04_modelos","General / Comparativo","(""predictive models"" OR ""modelos predictivos"" OR ""data mining models"") AND (""decision trees"" OR ""random forest"" OR ""logistic regression"") AND (benchmarking OR ""comparative analysis"")","Bilingüe (ES/EN)","Revisar la literatura comparativa entre familias de modelos predictivos paramétricos y no paramétricos.","https://scholar.google.com/scholar?q=%28%22predictive%20models%22%20OR%20%22modelos%20predictivos%22%20OR%20%22data%20mining%20models%22%29%20AND%20%28%22decision%20trees%22%20OR%20%22random%20forest%22%20OR%20%22logistic%20regression%22%29%20AND%20%28benchmarking%20OR%20%22comparative%20analysis%22%29"
"MOD-002","04_modelos","Métricas y Protocolos de Evaluación","(""model evaluation"" OR ""evaluación de modelos"") AND (""cross-validation"" OR ""ROC curve"" OR AUC OR ""confusion matrix"") AND (""data mining"" OR ""machine learning"")","Bilingüe (ES/EN)","Estudiar la formulación matemática y solidez de las métricas de rendimiento y esquemas de validación cruzada.","https://scholar.google.com/scholar?q=%28%22model%20evaluation%22%20OR%20%22evaluaci%C3%B3n%20de%20modelos%22%29%20AND%20%28%22cross-validation%22%20OR%20%22ROC%20curve%22%20OR%20AUC%20OR%20%22confusion%20matrix%22%29%20AND%20%28%22data%20mining%22%20OR%20%22machine%20learning%22%29"
"MOD-003","04_modelos","Interpretabilidad y Trade-offs","(""predictive modeling"" OR ""modelos de minería"") AND (interpretability OR explainability OR ""feature importance"") AND (""accuracy trade-off"")","Bilingüe (ES/EN)","Explorar la frontera entre modelos interpretables (caja blanca) y modelos de alto rendimiento predictivo (caja negra).","https://scholar.google.com/scholar?q=%28%22predictive%20modeling%22%20OR%20%22modelos%20de%20miner%C3%ADa%22%29%20AND%20%28interpretability%20OR%20explainability%20OR%20%22feature%20importance%22%29%20AND%20%28%22accuracy%20trade-off%22%29"
"MOD-004","04_modelos","Regresión Lineal y Supuestos Clásicos","(""linear regression"" OR ""regresión lineal"") AND (""data mining"" OR ""statistical learning"") AND (""assumptions"" OR ""multicollinearity"" OR ""regularization"")","Bilingüe (ES/EN)","Analizar el modelado lineal clásico, diagnóstico de homocedasticidad, multicolinealidad y estabilidad de coeficientes.","https://scholar.google.com/scholar?q=%28%22linear%20regression%22%20OR%20%22regresi%C3%B3n%20lineal%22%29%20AND%20%28%22data%20mining%22%20OR%20%22statistical%20learning%22%29%20AND%20%28%22assumptions%22%20OR%20%22multicollinearity%22%20OR%20%22regularization%22%29"
"MOD-005","04_modelos","Regresión Logística y Clasificación Binaria","(""logistic regression"" OR ""regresión logística"") AND (""odds ratio"" OR ""binary classification"") AND (""maximum likelihood"" OR ""regularization"")","Bilingüe (ES/EN)","Estudiar la estimación por máxima verosimilitud de probabilidades posteriores y la interpretación de razones de momios.","https://scholar.google.com/scholar?q=%28%22logistic%20regression%22%20OR%20%22regresi%C3%B3n%20log%C3%ADstica%22%29%20AND%20%28%22odds%20ratio%22%20OR%20%22binary%20classification%22%29%20AND%20%28%22maximum%20likelihood%22%20OR%20%22regularization%22%29"
"MOD-006","04_modelos","Árboles de Decisión (CART / C4.5)","(""decision trees"" OR ""árboles de decisión"") AND (""C4.5"" OR ""CART"" OR ""ID3"") AND (""pruning"" OR ""information gain"" OR ""Gini index"")","Bilingüe (ES/EN)","Investigar algoritmos de partición recursiva binaria y múltiple, criterios de impureza y poda por complejidad de costos.","https://scholar.google.com/scholar?q=%28%22decision%20trees%22%20OR%20%22%C3%A1rboles%20de%20decisi%C3%B3n%22%29%20AND%20%28%22C4.5%22%20OR%20%22CART%22%20OR%20%22ID3%22%29%20AND%20%28%22pruning%22%20OR%20%22information%20gain%22%20OR%20%22Gini%20index%22%29"
"MOD-007","04_modelos","Random Forest y Ensamble Bagging","(""Random Forest"" OR ""bosques aleatorios"") AND (""bagging"" OR ""out-of-bag error"" OR ""feature importance"") AND (""classification"" OR ""regression"")","Bilingüe (ES/EN)","Examinar el principio de descorrelación de árboles predictores mediante selección aleatoria de variables y muestreo bootstrap.","https://scholar.google.com/scholar?q=%28%22Random%20Forest%22%20OR%20%22bosques%20aleatorios%22%29%20AND%20%28%22bagging%22%20OR%20%22out-of-bag%20error%22%20OR%20%22feature%20importance%22%29%20AND%20%28%22classification%22%20OR%20%22regression%22%29"
"MOD-008","04_modelos","Máquinas de Soporte Vectorial (SVM)","(""Support Vector Machines"" OR ""SVM"" OR ""máquinas de soporte vectorial"") AND (""kernel trick"" OR ""hyperplane"" OR ""margin maximization"")","Bilingüe (ES/EN)","Estudiar la optimización convexa del hiperplano de margen máximo y la proyección no lineal mediante funciones kernel.","https://scholar.google.com/scholar?q=%28%22Support%20Vector%20Machines%22%20OR%20%22SVM%22%20OR%20%22m%C3%A1quinas%20de%20soporte%20vectorial%22%29%20AND%20%28%22kernel%20trick%22%20OR%20%22hyperplane%22%20OR%20%22margin%20maximization%22%29"
"MOD-009","04_modelos","K-Nearest Neighbors (k-NN)","(""k-nearest neighbors"" OR ""k-NN"" OR ""k vecinos más cercanos"") AND (""distance metrics"" OR ""curse of dimensionality"" OR ""instance-based learning"")","Bilingüe (ES/EN)","Analizar el modelado no paramétrico basado en memoria local, selección de métricas de Minkowski y ponderación por distancia.","https://scholar.google.com/scholar?q=%28%22k-nearest%20neighbors%22%20OR%20%22k-NN%22%20OR%20%22k%20vecinos%20m%C3%A1s%20cercanos%22%29%20AND%20%28%22distance%20metrics%22%20OR%20%22curse%20of%20dimensionality%22%20OR%20%22instance-based%20learning%22%29"
"MOD-010","04_modelos","Clasificadores Bayesianos y Naive Bayes","(""Naive Bayes"" OR ""clasificador bayesiano"") AND (""Bayes theorem"" OR ""conditional independence"" OR ""probabilistic classifier"")","Bilingüe (ES/EN)","Investigar la regla de decisión bayesiana óptima bajo el supuesto de independencia condicional de atributos.","https://scholar.google.com/scholar?q=%28%22Naive%20Bayes%22%20OR%20%22clasificador%20bayesiano%22%29%20AND%20%28%22Bayes%20theorem%22%20OR%20%22conditional%20independence%22%20OR%20%22probabilistic%20classifier%22%29"
"MOD-011","04_modelos","Gradient Boosting (XGBoost, LightGBM, CatBoost)","(""gradient boosting"" OR ""XGBoost"" OR ""LightGBM"" OR ""CatBoost"") AND (""decision trees"" OR ""loss function"" OR ""boosting"")","Bilingüe (ES/EN)","Analizar la optimización en espacio de funciones de árboles potenciados mediante descenso de gradiente secuencial.","https://scholar.google.com/scholar?q=%28%22gradient%20boosting%22%20OR%20%22XGBoost%22%20OR%20%22LightGBM%22%20OR%20%22CatBoost%22%29%20AND%20%28%22decision%20trees%22%20OR%20%22loss%20function%22%20OR%20%22boosting%22%29"
"MOD-012","04_modelos","Modelos Regularizados (Lasso, Ridge, Elastic Net)","(""regularized regression"" OR ""Lasso"" OR ""Ridge"" OR ""Elastic Net"") AND (""feature selection"" OR ""shrinkage"" OR ""L1 L2 regularization"")","Bilingüe (ES/EN)","Estudiar la penalización de coeficientes por norma L1 (selección de variables) y norma L2 (control de varianza).","https://scholar.google.com/scholar?q=%28%22regularized%20regression%22%20OR%20%22Lasso%22%20OR%20%22Ridge%22%20OR%20%22Elastic%20Net%22%29%20AND%20%28%22feature%20selection%22%20OR%20%22shrinkage%22%20OR%20%22L1%20L2%20regularization%22%29"
"MOD-013","04_modelos","Redes Neuronales Artificiales (MLP)","(""deep learning models"" OR ""neural networks"" OR ""redes neuronales"") AND (""feedforward"" OR ""backpropagation"" OR ""multilayer perceptron"")","Bilingüe (ES/EN)","Examinar arquitecturas densas hacia adelante, funciones de activación no lineales y algoritmos de retropropagación.","https://scholar.google.com/scholar?q=%28%22deep%20learning%20models%22%20OR%20%22neural%20networks%22%20OR%20%22redes%20neuronales%22%29%20AND%20%28%22feedforward%22%20OR%20%22backpropagation%22%20OR%20%22multilayer%20perceptron%22%29"
"MOD-014","04_modelos","Modelado con Datos Desbalanceados","(""imbalanced classification"" OR ""clases desbalanceadas"") AND (""SMOTE"" OR ""cost-sensitive learning"" OR ""undersampling"") AND (""predictive models"")","Bilingüe (ES/EN)","Analizar estrategias a nivel de datos (remuestreo sintético SMOTE) y a nivel algorítmico (aprendizaje sensible al coste).","https://scholar.google.com/scholar?q=%28%22imbalanced%20classification%22%20OR%20%22clases%20desbalanceadas%22%29%20AND%20%28%22SMOTE%22%20OR%20%22cost-sensitive%20learning%22%20OR%20%22undersampling%22%29%20AND%20%28%22predictive%20models%22%29"
"MOD-015","04_modelos","Explicabilidad y Equidad (XAI: SHAP / LIME)","(""model fairness"" OR ""sesgo algorítmico"" OR ""algorithmic bias"") AND (""explainable AI"" OR ""SHAP"" OR ""LIME"") AND (""predictive models"")","Bilingüe (ES/EN)","Investigar marcos agnósticos al modelo para explicar predicciones individuales y auditar equidad de género/etnia.","https://scholar.google.com/scholar?q=%28%22model%20fairness%22%20OR%20%22sesgo%20algor%C3%ADtmico%22%20OR%20%22algorithmic%20bias%22%29%20AND%20%28%22explainable%20AI%22%20OR%20%22SHAP%22%20OR%20%22LIME%22%29%20AND%20%28%22predictive%20models%22%29"
"MH-001","05_modelos_hibridos","Clustering + Clasificación (Bi-etapa)","(""hybrid model"" OR ""hybrid models"" OR ""modelos híbridos"") AND (""clustering"" AND ""classification"") AND (""data mining"" OR ""machine learning"")","Bilingüe (ES/EN)","Identificar arquitecturas que combinan aprendizaje no supervisado (segmentación previa) con aprendizaje supervisado por grupo.","https://scholar.google.com/scholar?q=%28%22hybrid%20model%22%20OR%20%22hybrid%20models%22%20OR%20%22modelos%20h%C3%ADbridos%22%29%20AND%20%28%22clustering%22%20AND%20%22classification%22%29%20AND%20%28%22data%20mining%22%20OR%20%22machine%20learning%22%29"
"MH-002","05_modelos_hibridos","Ensamble, Stacking y Fusión Paradigmática","(""hybrid intelligent systems"" OR ""hybrid predictive models"") AND (stacking OR ""ensemble learning"" OR ""neural network and decision tree"" OR ""neuro-fuzzy"")","Bilingüe (ES/EN)","Documentar la integración de modelos estadísticos clásicos con técnicas de aprendizaje profundo o algoritmos neurodifusos.","https://scholar.google.com/scholar?q=%28%22hybrid%20intelligent%20systems%22%20OR%20%22hybrid%20predictive%20models%22%29%20AND%20%28stacking%20OR%20%22ensemble%20learning%22%20OR%20%22neural%20network%20and%20decision%20tree%22%20OR%20%22neuro-fuzzy%22%29"
"MH-003","05_modelos_hibridos","Revisiones Sistemáticas y Rendimiento Comparado","(""hybrid models"" OR ""hybrid modeling"") AND (""systematic review"" OR survey) AND (performance OR ""accuracy improvement"")","Bilingüe (ES/EN)","Recuperar síntesis de evidencia sobre el incremento empírico de exactitud atribuible a la hibridación.","https://scholar.google.com/scholar?q=%28%22hybrid%20models%22%20OR%20%22hybrid%20modeling%22%29%20AND%20%28%22systematic%20review%22%20OR%20survey%29%20AND%20%28performance%20OR%20%22accuracy%20improvement%22%29"
"MH-004","05_modelos_hibridos","Cluster-then-Predict y Modelos Locales","(""cluster-then-predict"" OR ""clustering-based classification"" OR ""hybrid clustering"") AND (""k-means"" OR ""spectral clustering"") AND (""SVM"" OR ""random forest"")","Bilingüe (ES/EN)","Analizar el marco bi-etapa formal de partición de muestras y ajuste de clasificadores discriminantes locales.","https://scholar.google.com/scholar?q=%28%22cluster-then-predict%22%20OR%20%22clustering-based%20classification%22%20OR%20%22hybrid%20clustering%22%29%20AND%20%28%22k-means%22%20OR%20%22spectral%20clustering%22%29%20AND%20%28%22SVM%22%20OR%20%22random%20forest%22%29"
"MH-005","05_modelos_hibridos","Hibridación Estadístico-Neuronal (ARIMA + Redes)","(""hybrid statistical and machine learning"" OR ""modelos híbridos estadísticos"") AND (""ARIMA"" AND ""neural network"") OR (""ARIMA"" AND ""LSTM"")","Bilingüe (ES/EN)","Investigar la descomposición de series donde el componente lineal es modelado con ARIMA y los residuos con redes neuronales.","https://scholar.google.com/scholar?q=%28%22hybrid%20statistical%20and%20machine%20learning%22%20OR%20%22modelos%20h%C3%ADbridos%20estad%C3%ADsticos%22%29%20AND%20%28%22ARIMA%22%20AND%20%22neural%20network%22%29%20OR%20%28%22ARIMA%22%20AND%20%22LSTM%22%29"
"MH-006","05_modelos_hibridos","Generalización Apilada (Stacking y Meta-Aprendizaje)","(""stacked generalization"" OR ""stacking classifier"" OR ""meta-learning"") AND (""base learners"" OR ""meta-learner"" OR ""cross-validation stacking"")","Bilingüe (ES/EN)","Estudiar el protocolo de Wolpert para combinar predicciones fuera de bolsa de modelos base heterogéneos mediante un meta-estimador.","https://scholar.google.com/scholar?q=%28%22stacked%20generalization%22%20OR%20%22stacking%20classifier%22%20OR%20%22meta-learning%22%29%20AND%20%28%22base%20learners%22%20OR%20%22meta-learner%22%20OR%20%22cross-validation%20stacking%22%29"
"MH-007","05_modelos_hibridos","Sistemas Híbridos Neuro-Difusos (ANFIS)","(""neuro-fuzzy systems"" OR ""ANFIS"" OR ""sistemas neuro-difusos"") AND (""fuzzy logic"" AND ""neural networks"") AND (""rule extraction"" OR ""prediction"")","Bilingüe (ES/EN)","Examinar la fusión de redes neuronales con sistemas de inferencia difusa basados en reglas lingüísticas.","https://scholar.google.com/scholar?q=%28%22neuro-fuzzy%20systems%22%20OR%20%22ANFIS%22%20OR%20%22sistemas%20neuro-difusos%22%29%20AND%20%28%22fuzzy%20logic%22%20AND%20%22neural%20networks%22%29%20AND%20%28%22rule%20extraction%22%20OR%20%22prediction%22%29"
"MH-008","05_modelos_hibridos","Hibridación Bioinspirada: Genéticos + Machine Learning","(""hybrid genetic algorithm"" OR ""algoritmos genéticos híbridos"") AND (""optimization"" AND ""machine learning"") AND (""feature selection"" OR ""hyperparameter tuning"")","Bilingüe (ES/EN)","Documentar la optimización evolutiva del espacio de atributos o hiperparámetros para modelos inductivos.","https://scholar.google.com/scholar?q=%28%22hybrid%20genetic%20algorithm%22%20OR%20%22algoritmos%20gen%C3%A9ticos%20h%C3%ADbridos%22%29%20AND%20%28%22optimization%22%20AND%20%22machine%20learning%22%29%20AND%20%28%22feature%20selection%22%20OR%20%22hyperparameter%20tuning%22%29"
"MH-009","05_modelos_hibridos","Reducción Dimensional Híbrida (PCA + Clasificación)","(""hybrid dimensionality reduction"" OR ""PCA and classification"") AND (""principal component analysis"" OR ""t-SNE"") AND (""random forest"" OR ""neural network"")","Bilingüe (ES/EN)","Analizar pipelines secuenciales donde la transformación ortogonal previa elimina colinealidad antes del ajuste clasificador.","https://scholar.google.com/scholar?q=%28%22hybrid%20dimensionality%20reduction%22%20OR%20%22PCA%20and%20classification%22%29%20AND%20%28%22principal%20component%20analysis%22%20OR%20%22t-SNE%22%29%20AND%20%28%22random%20forest%22%20OR%20%22neural%20network%22%29"
"MH-010","05_modelos_hibridos","Sistemas Híbridos de Recomendación","(""hybrid recommender systems"" OR ""sistemas de recomendación híbridos"") AND (""collaborative filtering"" AND ""content-based filtering"")","Bilingüe (ES/EN)","Investigar la combinación de filtrado colaborativo con filtrado basado en contenido para mitigar el problema del arranque en frío.","https://scholar.google.com/scholar?q=%28%22hybrid%20recommender%20systems%22%20OR%20%22sistemas%20de%20recomendaci%C3%B3n%20h%C3%ADbridos%22%29%20AND%20%28%22collaborative%20filtering%22%20AND%20%22content-based%20filtering%22%29"
"MH-011","05_modelos_hibridos","Modelos Físico-Estadísticos (Physics-Informed ML)","(""physics-informed machine learning"" OR ""hybrid physics-data models"") AND (""differential equations"" AND ""neural networks"")","Bilingüe (ES/EN)","Explorar la integración de leyes físicas y ecuaciones diferenciales como penalizaciones en funciones de pérdida de machine learning.","https://scholar.google.com/scholar?q=%28%22physics-informed%20machine%20learning%22%20OR%20%22hybrid%20physics-data%20models%22%29%20AND%20%28%22differential%20equations%22%20AND%20%22neural%20networks%22%29"
"MH-012","05_modelos_hibridos","Modelos Híbridos en Riesgo Financiero y Crediticio","(""hybrid credit scoring"" OR ""riesgo crediticio híbrido"") AND (""logistic regression"" AND ""machine learning"" OR ""SVM and decision tree"")","Bilingüe (ES/EN)","Documentar la integración de modelos econométricos tradicionales con clasificadores no lineales en banca.","https://scholar.google.com/scholar?q=%28%22hybrid%20credit%20scoring%22%20OR%20%22riesgo%20crediticio%20h%C3%ADbrido%22%29%20AND%20%28%22logistic%20regression%22%20AND%20%22machine%20learning%22%20OR%20%22SVM%20and%20decision%20tree%22%29"
"MH-013","05_modelos_hibridos","Modelos Híbridos en Diagnóstico Clínico Multimodal","(""hybrid models in medicine"" OR ""modelos híbridos en medicina"") AND (""clinical diagnosis"" OR ""disease prediction"") AND (""multimodal data"" OR ""fusion"")","Bilingüe (ES/EN)","Analizar arquitecturas de fusión multimodal que combinan datos tabulares de laboratorio con imágenes o señales.","https://scholar.google.com/scholar?q=%28%22hybrid%20models%20in%20medicine%22%20OR%20%22modelos%20h%C3%ADbridos%20en%20medicina%22%29%20AND%20%28%22clinical%20diagnosis%22%20OR%20%22disease%20prediction%22%29%20AND%20%28%22multimodal%20data%22%20OR%20%22fusion%22%29"
"MH-014","05_modelos_hibridos","Modelos Híbridos en Pronóstico Energético","(""hybrid energy forecasting"" OR ""predicción de energía híbrida"") AND (""wind power"" OR ""solar irradiance"" OR ""electricity load"") AND (""hybrid model"")","Bilingüe (ES/EN)","Evaluar ensambles híbridos de modelos numéricos del clima con árboles potenciados para pronóstico renovable.","https://scholar.google.com/scholar?q=%28%22hybrid%20energy%20forecasting%22%20OR%20%22predicci%C3%B3n%20de%20energ%C3%ADa%20h%C3%ADbrida%22%29%20AND%20%28%22wind%20power%22%20OR%20%22solar%20irradiance%22%20OR%20%22electricity%20load%22%29%20AND%20%28%22hybrid%20model%22%29"
"MH-015","05_modelos_hibridos","Teoría de la Diversidad y Descomposición del Error","(""diversity in ensemble methods"" OR ""diversidad en ensambles híbridos"") AND (""bias-variance tradeoff"" OR ""ambiguity decomposition"") AND (""hybrid models"")","Bilingüe (ES/EN)","Estudiar la formulación matemática de por qué la hibridación reduce el riesgo esperado mediante diversidad de hipótesis.","https://scholar.google.com/scholar?q=%28%22diversity%20in%20ensemble%20methods%22%20OR%20%22diversidad%20en%20ensambles%20h%C3%ADbridos%22%29%20AND%20%28%22bias-variance%20tradeoff%22%20OR%20%22ambiguity%20decomposition%22%29%20AND%20%28%22hybrid%20models%22%29"
"PRED-001","06_prediccion","Estadística y Series Temporales Clásicas","(""predictive analytics"" OR ""time series forecasting"" OR ""predicción"") AND (""ARIMA"" OR ""exponential smoothing"" OR ""machine learning regression"") AND (accuracy OR RMSE)","Bilingüe (ES/EN)","Estudiar la literatura canónica de predicción cuantitativa estructurada sobre series de tiempo y regresión estocástica.","https://scholar.google.com/scholar?q=%28%22predictive%20analytics%22%20OR%20%22time%20series%20forecasting%22%20OR%20%22predicci%C3%B3n%22%29%20AND%20%28%22ARIMA%22%20OR%20%22exponential%20smoothing%22%20OR%20%22machine%20learning%20regression%22%29%20AND%20%28accuracy%20OR%20RMSE%29"
"PRED-002","06_prediccion","Aprendizaje Automático y Validación Temporal","(""predictive modeling"" OR ""forecasting methods"") AND (""random forest"" OR ""gradient boosting"" OR ""support vector regression"") AND (""out-of-sample"" OR backtesting)","Bilingüe (ES/EN)","Analizar el modelado no paramétrico adaptado a predicción secuencial y protocolos rigurosos de ventana rodante.","https://scholar.google.com/scholar?q=%28%22predictive%20modeling%22%20OR%20%22forecasting%20methods%22%29%20AND%20%28%22random%20forest%22%20OR%20%22gradient%20boosting%22%20OR%20%22support%20vector%20regression%22%29%20AND%20%28%22out-of-sample%22%20OR%20backtesting%29"
"PRED-003","06_prediccion","Funciones de Pérdida y Métricas de Error","(""predictive performance"" OR ""modelos de predicción"") AND (benchmark OR ""empirical evaluation"") AND (""loss function"" OR ""forecast error"")","Bilingüe (ES/EN)","Examinar la idoneidad de funciones de pérdida simétricas y asimétricas (MAE, RMSE, MAPE, MASE).","https://scholar.google.com/scholar?q=%28%22predictive%20performance%22%20OR%20%22modelos%20de%20predicci%C3%B3n%22%29%20AND%20%28benchmark%20OR%20%22empirical%20evaluation%22%29%20AND%20%28%22loss%20function%22%20OR%20%22forecast%20error%22%29"
"PRED-004","06_prediccion","Metodología Box-Jenkins y Modelos SARIMA","(""Box-Jenkins"" OR ""ARIMA model"" OR ""SARIMA"") AND (""stationarity"" OR ""differencing"" OR ""autocorrelation"" OR ""AIC"")","Bilingüe (ES/EN)","Analizar las fases de identificación estocástica mediante funciones ACF y PACF, diferenciación y pruebas de raíces unitarias.","https://scholar.google.com/scholar?q=%28%22Box-Jenkins%22%20OR%20%22ARIMA%20model%22%20OR%20%22SARIMA%22%29%20AND%20%28%22stationarity%22%20OR%20%22differencing%22%20OR%20%22autocorrelation%22%20OR%20%22AIC%22%29"
"PRED-005","06_prediccion","Suavizamiento Exponencial Holt-Winters","(""exponential smoothing"" OR ""suavizamiento exponencial"" OR ""Holt-Winters"") AND (""trend"" AND ""seasonality"" AND ""multiplicative"")","Bilingüe (ES/EN)","Investigar la estimación recursiva de ecuaciones de nivel, tendencia local y factores estacionales multiplicativos.","https://scholar.google.com/scholar?q=%28%22exponential%20smoothing%22%20OR%20%22suavizamiento%20exponencial%22%20OR%20%22Holt-Winters%22%29%20AND%20%28%22trend%22%20AND%20%22seasonality%22%20AND%20%22multiplicative%22%29"
"PRED-006","06_prediccion","Redes Recurrentes (LSTM y GRU)","(""recurrent neural networks"" OR ""LSTM"" OR ""GRU"") AND (""time series prediction"" OR ""pronóstico temporal"") AND (""deep learning"")","Bilingüe (ES/EN)","Examinar celdas de compuertas recurrentes para capturar dependencias temporales de largo alcance.","https://scholar.google.com/scholar?q=%28%22recurrent%20neural%20networks%22%20OR%20%22LSTM%22%20OR%20%22GRU%22%29%20AND%20%28%22time%20series%20prediction%22%20OR%20%22pron%C3%B3stico%20temporal%22%29%20AND%20%28%22deep%20learning%22%29"
"PRED-007","06_prediccion","Modelos de Atención y Transformers Temporales","(""temporal transformers"" OR ""attention mechanisms in forecasting"") AND (""time series prediction"" OR ""long-term forecasting"")","Bilingüe (ES/EN)","Explorar arquitecturas basadas en autoatención para pronóstico multivariable a horizontes extensos.","https://scholar.google.com/scholar?q=%28%22temporal%20transformers%22%20OR%20%22attention%20mechanisms%20in%20forecasting%22%29%20AND%20%28%22time%20series%20prediction%22%20OR%20%22long-term%20forecasting%22%29"
"PRED-008","06_prediccion","Predicción Multivariada y Modelos VAR","(""multivariate time series forecasting"" OR ""predicción multivariada"") AND (""VAR"" OR ""vector autoregression"" OR ""cointegration"")","Bilingüe (ES/EN)","Estudiar la interdependencia dinámica entre múltiples variables estocásticas correlacionadas en el tiempo.","https://scholar.google.com/scholar?q=%28%22multivariate%20time%20series%20forecasting%22%20OR%20%22predicci%C3%B3n%20multivariada%22%29%20AND%20%28%22VAR%22%20OR%20%22vector%20autoregression%22%20OR%20%22cointegration%22%29"
"PRED-009","06_prediccion","Pronóstico Probabilístico e Intervalos Conformes","(""probabilistic forecasting"" OR ""predicción probabilística"") AND (""prediction intervals"" OR ""quantile regression"" OR ""conformal prediction"")","Bilingüe (ES/EN)","Analizar la estimación de la distribución completa de probabilidad y cuantiles en lugar de pronósticos puntuales.","https://scholar.google.com/scholar?q=%28%22probabilistic%20forecasting%22%20OR%20%22predicci%C3%B3n%20probabil%C3%ADstica%22%29%20AND%20%28%22prediction%20intervals%22%20OR%20%22quantile%20regression%22%20OR%20%22conformal%20prediction%22%29"
"PRED-010","06_prediccion","Métricas de Error Robustas (MASE, sMAPE)","(""forecast evaluation metrics"" OR ""métricas de precisión en pronóstico"") AND (""MASE"" OR ""MAPE"" OR ""sMAPE"" OR ""RMSE"") AND (""benchmark"")","Bilingüe (ES/EN)","Documentar propiedades matemáticas de métricas escaladas independientes de unidad y simétricas ante ceros.","https://scholar.google.com/scholar?q=%28%22forecast%20evaluation%20metrics%22%20OR%20%22m%C3%A9tricas%20de%20precisi%C3%B3n%20en%20pron%C3%B3stico%22%29%20AND%20%28%22MASE%22%20OR%20%22MAPE%22%20OR%20%22sMAPE%22%20OR%20%22RMSE%22%29%20AND%20%28%22benchmark%22%29"
"PRED-011","06_prediccion","Lecciones de Macro-Competiciones (M-Competitions)","(""M-competitions"" OR ""competencias de pronóstico"" OR ""M4 competition"" OR ""M5 competition"") AND (""findings"" OR ""empirical evaluation"")","Bilingüe (ES/EN)","Sintetizar la evidencia empírica a ciegas acumulada en las competiciones M4 y M5 sobre 100,000 series de tiempo.","https://scholar.google.com/scholar?q=%28%22M-competitions%22%20OR%20%22competencias%20de%20pron%C3%B3stico%22%20OR%20%22M4%20competition%22%20OR%20%22M5%20competition%22%29%20AND%20%28%22findings%22%20OR%20%22empirical%20evaluation%22%29"
"PRED-012","06_prediccion","Predicción en Finanzas y Volatilidad (GARCH)","(""financial forecasting"" OR ""predicción financiera"") AND (""stock market"" OR ""volatility prediction"" OR ""GARCH"") AND (""predictive modeling"")","Bilingüe (ES/EN)","Examinar la modelación de heterocedasticidad condicional autorregresiva y predicción de series con saltos leptocúrticos.","https://scholar.google.com/scholar?q=%28%22financial%20forecasting%22%20OR%20%22predicci%C3%B3n%20financiera%22%29%20AND%20%28%22stock%20market%22%20OR%20%22volatility%20prediction%22%20OR%20%22GARCH%22%29%20AND%20%28%22predictive%20modeling%22%29"
"PRED-013","06_prediccion","Pronóstico de Demanda e Inventarios (Retail)","(""demand forecasting"" OR ""predicción de la demanda"" OR ""supply chain forecasting"") AND (""retail"" OR ""inventory optimization"")","Bilingüe (ES/EN)","Investigar la predicción jerárquica de demanda intermitente y patrones de consumo masivo.","https://scholar.google.com/scholar?q=%28%22demand%20forecasting%22%20OR%20%22predicci%C3%B3n%20de%20la%20demanda%22%20OR%20%22supply%20chain%20forecasting%22%29%20AND%20%28%22retail%22%20OR%20%22inventory%20optimization%22%29"
"PRED-014","06_prediccion","Predicción Meteorológica y Climática","(""climate prediction"" OR ""predicción climática"" OR ""weather forecasting"") AND (""temperature"" OR ""precipitation"") AND (""predictive models"")","Bilingüe (ES/EN)","Explorar el modelado espaciotemporal de variables atmosféricas y predicción de fenómenos hidrometeorológicos.","https://scholar.google.com/scholar?q=%28%22climate%20prediction%22%20OR%20%22predicci%C3%B3n%20clim%C3%A1tica%22%20OR%20%22weather%20forecasting%22%29%20AND%20%28%22temperature%22%20OR%20%22precipitation%22%29%20AND%20%28%22predictive%20models%22%29"
"PRED-015","06_prediccion","Nowcasting y Predicción en Tiempo Real","(""nowcasting"" OR ""real-time prediction"") AND (""high frequency data"" OR ""Google Trends"" OR ""macroeconomic nowcasting"")","Bilingüe (ES/EN)","Analizar la estimación del estado presente o futuro inmediato utilizando flujos masivos de datos alternativos no estructurados.","https://scholar.google.com/scholar?q=%28%22nowcasting%22%20OR%20%22real-time%20prediction%22%29%20AND%20%28%22high%20frequency%20data%22%20OR%20%22Google%20Trends%22%20OR%20%22macroeconomic%20nowcasting%22%29"
"DW-001","07_data_warehouse","Modelado Dimensional y Arquitectura Star","(""data warehouse"" OR ""data warehousing"" OR ""almacén de datos"") AND (""dimensional modeling"" OR ""star schema"" OR ""snowflake schema"" OR ""fact table"")","Bilingüe (ES/EN)","Recuperar los principios fundamentales de diseño multidimensional, esquemas en estrella y copos de nieve.","https://scholar.google.com/scholar?q=%28%22data%20warehouse%22%20OR%20%22data%20warehousing%22%20OR%20%22almac%C3%A9n%20de%20datos%22%29%20AND%20%28%22dimensional%20modeling%22%20OR%20%22star%20schema%22%20OR%20%22snowflake%20schema%22%20OR%20%22fact%20table%22%29"
"DW-002","07_data_warehouse","Procesos ETL y Calidad de Datos","(""ETL process"" OR ""Extract Transform Load"" OR ""proceso ETL"") AND (""data integration"" OR ""data quality"" OR ""data staging"") AND (""data warehouse"")","Bilingüe (ES/EN)","Documentar la ingeniería de flujos Extract-Transform-Load, zonas de staging y validaciones de integridad referencial.","https://scholar.google.com/scholar?q=%28%22ETL%20process%22%20OR%20%22Extract%20Transform%20Load%22%20OR%20%22proceso%20ETL%22%29%20AND%20%28%22data%20integration%22%20OR%20%22data%20quality%22%20OR%20%22data%20staging%22%29%20AND%20%28%22data%20warehouse%22%29"
"DW-003","07_data_warehouse","OLAP y Suministro a la Minería de Datos","(""data warehouse"" OR ""OLAP"") AND (""multidimensional analysis"" OR ""roll-up"" OR ""drill-down"" OR ""slice and dice"") AND (""data mining integration"")","Bilingüe (ES/EN)","Analizar las operaciones de navegación multidimensional (OLAP) y la interconexión con modelos avanzados de minería.","https://scholar.google.com/scholar?q=%28%22data%20warehouse%22%20OR%20%22OLAP%22%29%20AND%20%28%22multidimensional%20analysis%22%20OR%20%22roll-up%22%20OR%20%22drill-down%22%20OR%20%22slice%20and%20dice%22%29%20AND%20%28%22data%20mining%20integration%22%29"
"DW-004","07_data_warehouse","Arquitectura Empresarial: Kimball vs Inmon","(""Kimball vs Inmon"" OR ""data warehouse architecture"" OR ""arquitectura de almacén de datos"") AND (""enterprise data warehouse"" OR ""data mart"")","Bilingüe (ES/EN)","Comparar de forma exhaustiva la arquitectura bottom-up (Kimball: Data Marts conformados) vs top-down (Inmon: EDW normalizado en 3NF).","https://scholar.google.com/scholar?q=%28%22Kimball%20vs%20Inmon%22%20OR%20%22data%20warehouse%20architecture%22%20OR%20%22arquitectura%20de%20almac%C3%A9n%20de%20datos%22%29%20AND%20%28%22enterprise%20data%20warehouse%22%20OR%20%22data%20mart%22%29"
"DW-005","07_data_warehouse","Dimensiones de Cambio Lento (SCD)","(""Slowly Changing Dimensions"" OR ""SCD"" OR ""dimensiones de cambio lento"") AND (""Type 1"" OR ""Type 2"" OR ""Type 3"") AND (""data warehouse"")","Bilingüe (ES/EN)","Estudiar patrones de persistencia histórica de atributos cambiantes en dimensiones (sobrescritura, versionado con fechas de validez).","https://scholar.google.com/scholar?q=%28%22Slowly%20Changing%20Dimensions%22%20OR%20%22SCD%22%20OR%20%22dimensiones%20de%20cambio%20lento%22%29%20AND%20%28%22Type%201%22%20OR%20%22Type%202%22%20OR%20%22Type%203%22%29%20AND%20%28%22data%20warehouse%22%29"
"DW-006","07_data_warehouse","Evolución hacia Data Lakehouse","(""data lake"" OR ""data lakehouse"" OR ""modern data stack"") AND (""data warehouse"" OR ""almacén de datos"") AND (""Delta Lake"" OR ""Apache Iceberg"")","Bilingüe (ES/EN)","Investigar la convergencia entre almacenamiento masivo de objetos y motores transaccionales con garantías ACID.","https://scholar.google.com/scholar?q=%28%22data%20lake%22%20OR%20%22data%20lakehouse%22%20OR%20%22modern%20data%20stack%22%29%20AND%20%28%22data%20warehouse%22%20OR%20%22almac%C3%A9n%20de%20datos%22%29%20AND%20%28%22Delta%20Lake%22%20OR%20%22Apache%20Iceberg%22%29"
"DW-007","07_data_warehouse","Almacenes en la Nube y Cómputo Desacoplado","(""cloud data warehousing"" OR ""almacenes de datos en la nube"") AND (""Snowflake"" OR ""BigQuery"" OR ""Amazon Redshift"") AND (""separation of storage and compute"")","Bilingüe (ES/EN)","Analizar las ventajas arquitectónicas de escalabilidad elástica independiente de almacenamiento y cómputo distribuido.","https://scholar.google.com/scholar?q=%28%22cloud%20data%20warehousing%22%20OR%20%22almacenes%20de%20datos%20en%20la%20nube%22%29%20AND%20%28%22Snowflake%22%20OR%20%22BigQuery%22%20OR%20%22Amazon%20Redshift%22%29%20AND%20%28%22separation%20of%20storage%20and%20compute%22%29"
"DW-008","07_data_warehouse","Streaming Ingestion y ETL en Tiempo Real","(""real-time data warehousing"" OR ""streaming ETL"") AND (""CDC"" OR ""change data capture"" OR ""Kafka"") AND (""data warehouse"")","Bilingüe (ES/EN)","Examinar técnicas de captura de cambios en datos (CDC) e ingesta orientada a eventos para actualización en subsegundos.","https://scholar.google.com/scholar?q=%28%22real-time%20data%20warehousing%22%20OR%20%22streaming%20ETL%22%29%20AND%20%28%22CDC%22%20OR%20%22change%20data%20capture%22%20OR%20%22Kafka%22%29%20AND%20%28%22data%20warehouse%22%29"
"DW-009","07_data_warehouse","Gobernanza, Metadatos y Linaje de Datos","(""metadata management"" OR ""data lineage"" OR ""linaje de datos"") AND (""data governance"" OR ""gobernanza de datos"") AND (""data warehouse"")","Bilingüe (ES/EN)","Estudiar la trazabilidad de transformaciones desde los sistemas de origen hasta los reportes analíticos finales.","https://scholar.google.com/scholar?q=%28%22metadata%20management%22%20OR%20%22data%20lineage%22%20OR%20%22linaje%20de%20datos%22%29%20AND%20%28%22data%20governance%22%20OR%20%22gobernanza%20de%20datos%22%29%20AND%20%28%22data%20warehouse%22%29"
"DW-010","07_data_warehouse","Feature Store y Conexión con Machine Learning","(""data warehouse for machine learning"" OR ""feature store"") AND (""analytical database"" OR ""data preparation"") AND (""data mining"")","Bilingüe (ES/EN)","Documentar el rol del Data Warehouse como repositorio unificado de variables precalculadas para entrenamiento e inferencia.","https://scholar.google.com/scholar?q=%28%22data%20warehouse%20for%20machine%20learning%22%20OR%20%22feature%20store%22%29%20AND%20%28%22analytical%20database%22%20OR%20%22data%20preparation%22%29%20AND%20%28%22data%20mining%22%29"
"DW-011","07_data_warehouse","Cloud Data Warehousing","(""cloud data warehouse"" OR ""almacén de datos en la nube"") AND (""Snowflake"" OR ""BigQuery"" OR ""Redshift"") AND (""elastic scalability"")","Bilingüe (ES/EN)","Analizar arquitecturas de almacenamiento elástico en la nube.","https://scholar.google.com/scholar?q=%28%22cloud%20data%20warehouse%22%20OR%20%22almac%C3%A9n%20de%20datos%20en%20la%20nube%22%29%20AND%20%28%22Snowflake%22%20OR%20%22BigQuery%22%20OR%20%22Redshift%22%29%20AND%20%28%22elastic%20scalability%22%29"
"DW-012","07_data_warehouse","Data Lakehouse Architecture","(""data lakehouse"" OR ""lakehouse architecture"") AND (""Apache Iceberg"" OR ""Delta Lake"" OR ""Hudi"") AND (""table format"")","Bilingüe (ES/EN)","Estudiar la evolución del Data Warehouse hacia Data Lakehouse.","https://scholar.google.com/scholar?q=%28%22data%20lakehouse%22%20OR%20%22lakehouse%20architecture%22%29%20AND%20%28%22Apache%20Iceberg%22%20OR%20%22Delta%20Lake%22%20OR%20%22Hudi%22%29%20AND%20%28%22table%20format%22%29"
"DW-013","07_data_warehouse","Slowly Changing Dimensions (SCD)","(""slowly changing dimensions"" OR ""dimensiones de cambio lento"" OR ""SCD Type 2"") AND (""Kimball"" OR ""data warehouse"")","Bilingüe (ES/EN)","Sistematizar técnicas para preservación del historial temporal de dimensiones.","https://scholar.google.com/scholar?q=%28%22slowly%20changing%20dimensions%22%20OR%20%22dimensiones%20de%20cambio%20lento%22%20OR%20%22SCD%20Type%202%22%29%20AND%20%28%22Kimball%22%20OR%20%22data%20warehouse%22%29"
"DW-014","07_data_warehouse","Real-time Streaming ETL","(""real-time ETL"" OR ""streaming ETL"" OR ""ETL en tiempo real"") AND (""Change Data Capture"" OR ""CDC"" OR ""Kafka"") AND (""data pipeline"")","Bilingüe (ES/EN)","Revisar pipelines de captura de cambios y flujo continuo de datos.","https://scholar.google.com/scholar?q=%28%22real-time%20ETL%22%20OR%20%22streaming%20ETL%22%20OR%20%22ETL%20en%20tiempo%20real%22%29%20AND%20%28%22Change%20Data%20Capture%22%20OR%20%22CDC%22%20OR%20%22Kafka%22%29%20AND%20%28%22data%20pipeline%22%29"
"DW-015","07_data_warehouse","Metadata Management & Data Catalog","(""data catalog"" OR ""catálogo de datos"") AND (""metadata management"" OR ""gestión de metadatos"") AND (""data warehouse governance"")","Bilingüe (ES/EN)","Examinar marcos de gobernanza y linaje en repositorios analíticos.","https://scholar.google.com/scholar?q=%28%22data%20catalog%22%20OR%20%22cat%C3%A1logo%20de%20datos%22%29%20AND%20%28%22metadata%20management%22%20OR%20%22gesti%C3%B3n%20de%20metadatos%22%29%20AND%20%28%22data%20warehouse%20governance%22%29"
"U2-MOD-001","01_MODELOS_MINERIA_DATOS","Taxonomía Teórica General","(""data mining models"" OR ""modelos de minería de datos"") AND (""taxonomy"" OR ""taxonomía"") AND (""framework"" OR ""survey"")","Bilingüe (ES/EN)","Analizar formalmente el enfoque de: taxonomía y marcos conceptuales de modelos","https://scholar.google.com/scholar?q=%28%22data%20mining%20models%22%20OR%20%22modelos%20de%20miner%C3%ADa%20de%20datos%22%29%20AND%20%28%22taxonomy%22%20OR%20%22taxonom%C3%ADa%22%29%20AND%20%28%22framework%22%20OR%20%22survey%22%29"
"U2-MOD-002","01_MODELOS_MINERIA_DATOS","Modelos Predictivos vs Descriptivos","(""predictive models"" OR ""modelos predictivos"") AND (""descriptive models"" OR ""modelos descriptivos"") AND (""data mining"")","Bilingüe (ES/EN)","Analizar formalmente el enfoque de: diferenciación entre aprendizaje predictivo y descriptivo","https://scholar.google.com/scholar?q=%28%22predictive%20models%22%20OR%20%22modelos%20predictivos%22%29%20AND%20%28%22descriptive%20models%22%20OR%20%22modelos%20descriptivos%22%29%20AND%20%28%22data%20mining%22%29"
"U2-MOD-003","01_MODELOS_MINERIA_DATOS","Modelos Paramétricos vs No Paramétricos","(""parametric models"" OR ""modelos paramétricos"") AND (""nonparametric"" OR ""no paramétricos"") AND (""machine learning"")","Bilingüe (ES/EN)","Analizar formalmente el enfoque de: fundamentos de modelos paramétricos y no paramétricos","https://scholar.google.com/scholar?q=%28%22parametric%20models%22%20OR%20%22modelos%20param%C3%A9tricos%22%29%20AND%20%28%22nonparametric%22%20OR%20%22no%20param%C3%A9tricos%22%29%20AND%20%28%22machine%20learning%22%29"
"U2-MOD-004","01_MODELOS_MINERIA_DATOS","Modelos de Clasificación Binaria","(""binary classification"" OR ""clasificación binaria"") AND (""decision boundary"" OR ""frontera de decisión"") AND (""algorithms"")","Bilingüe (ES/EN)","Analizar formalmente el enfoque de: algoritmos de clasificación en dos clases","https://scholar.google.com/scholar?q=%28%22binary%20classification%22%20OR%20%22clasificaci%C3%B3n%20binaria%22%29%20AND%20%28%22decision%20boundary%22%20OR%20%22frontera%20de%20decisi%C3%B3n%22%29%20AND%20%28%22algorithms%22%29"
"U2-MOD-005","01_MODELOS_MINERIA_DATOS","Modelos de Clasificación Multiclase","(""multiclass classification"" OR ""clasificación multiclase"") AND (""one-vs-rest"" OR ""multinomial"") AND (""data mining"")","Bilingüe (ES/EN)","Analizar formalmente el enfoque de: estrategias de partición en problemas multiclase","https://scholar.google.com/scholar?q=%28%22multiclass%20classification%22%20OR%20%22clasificaci%C3%B3n%20multiclase%22%29%20AND%20%28%22one-vs-rest%22%20OR%20%22multinomial%22%29%20AND%20%28%22data%20mining%22%29"
"U2-MOD-006","01_MODELOS_MINERIA_DATOS","Modelos de Regresión Lineal y Ridge","(""linear regression"" OR ""regresión lineal"") AND (""regularization"" OR ""Ridge"" OR ""Lasso"") AND (""overfitting"")","Bilingüe (ES/EN)","Analizar formalmente el enfoque de: regularización y control de penalización en regresión lineal","https://scholar.google.com/scholar?q=%28%22linear%20regression%22%20OR%20%22regresi%C3%B3n%20lineal%22%29%20AND%20%28%22regularization%22%20OR%20%22Ridge%22%20OR%20%22Lasso%22%29%20AND%20%28%22overfitting%22%29"
"U2-MOD-007","01_MODELOS_MINERIA_DATOS","Modelos de Regresión No Lineal","(""nonlinear regression"" OR ""regresión no lineal"") AND (""splines"" OR ""kernel methods"") AND (""data mining"")","Bilingüe (ES/EN)","Analizar formalmente el enfoque de: aproximación de relaciones funcionales complejas no lineales","https://scholar.google.com/scholar?q=%28%22nonlinear%20regression%22%20OR%20%22regresi%C3%B3n%20no%20lineal%22%29%20AND%20%28%22splines%22%20OR%20%22kernel%20methods%22%29%20AND%20%28%22data%20mining%22%29"
"U2-MOD-008","01_MODELOS_MINERIA_DATOS","Modelos de Agrupamiento y Densidad","(""clustering models"" OR ""modelos de agrupamiento"") AND (""spatial density"" OR ""partitioning"") AND (""cluster analysis"")","Bilingüe (ES/EN)","Analizar formalmente el enfoque de: algoritmos de densidad y partición de espacios continuos","https://scholar.google.com/scholar?q=%28%22clustering%20models%22%20OR%20%22modelos%20de%20agrupamiento%22%29%20AND%20%28%22spatial%20density%22%20OR%20%22partitioning%22%29%20AND%20%28%22cluster%20analysis%22%29"
"U2-MOD-009","01_MODELOS_MINERIA_DATOS","Modelos Probabilísticos y Bayesianos","(""probabilistic models"" OR ""modelos probabilísticos"") AND (""Bayesian networks"" OR ""redes bayesianas"") AND (""inference"")","Bilingüe (ES/EN)","Analizar formalmente el enfoque de: estimación de probabilidades a posteriori y redes bayesianas","https://scholar.google.com/scholar?q=%28%22probabilistic%20models%22%20OR%20%22modelos%20probabil%C3%ADsticos%22%29%20AND%20%28%22Bayesian%20networks%22%20OR%20%22redes%20bayesianas%22%29%20AND%20%28%22inference%22%29"
"U2-MOD-010","01_MODELOS_MINERIA_DATOS","Modelos Basados en Reglas Inductivas","(""rule-based models"" OR ""modelos basados en reglas"") AND (""decision lists"" OR ""inducer"") AND (""knowledge discovery"")","Bilingüe (ES/EN)","Analizar formalmente el enfoque de: extracción de conjuntos de reglas lógicas interpretables","https://scholar.google.com/scholar?q=%28%22rule-based%20models%22%20OR%20%22modelos%20basados%20en%20reglas%22%29%20AND%20%28%22decision%20lists%22%20OR%20%22inducer%22%29%20AND%20%28%22knowledge%20discovery%22%29"
"U2-MOD-011","01_MODELOS_MINERIA_DATOS","Evaluación mediante Curvas ROC y PR","(""ROC curve"" OR ""curva ROC"") AND (""precision recall"" OR ""PR curve"") AND (""model evaluation"" OR ""evaluación de modelos"")","Bilingüe (ES/EN)","Analizar formalmente el enfoque de: evaluación de umbrales discriminantes mediante curvas de rendimiento","https://scholar.google.com/scholar?q=%28%22ROC%20curve%22%20OR%20%22curva%20ROC%22%29%20AND%20%28%22precision%20recall%22%20OR%20%22PR%20curve%22%29%20AND%20%28%22model%20evaluation%22%20OR%20%22evaluaci%C3%B3n%20de%20modelos%22%29"
"U2-MOD-012","01_MODELOS_MINERIA_DATOS","Métricas de Validación y F1-Score","(""confusion matrix"" OR ""matriz de confusión"") AND (""F1-score"" OR ""Cohen kappa"") AND (""performance metrics"")","Bilingüe (ES/EN)","Analizar formalmente el enfoque de: cálculo de métricas robustas ante desbalance de clases","https://scholar.google.com/scholar?q=%28%22confusion%20matrix%22%20OR%20%22matriz%20de%20confusi%C3%B3n%22%29%20AND%20%28%22F1-score%22%20OR%20%22Cohen%20kappa%22%29%20AND%20%28%22performance%20metrics%22%29"
"U2-MOD-013","01_MODELOS_MINERIA_DATOS","Protocolos de Validación Cruzada","(""k-fold cross-validation"" OR ""validación cruzada"") AND (""leave-one-out"" OR ""bootstrap"") AND (""resampling"")","Bilingüe (ES/EN)","Analizar formalmente el enfoque de: diseño de esquemas de remuestreo y validación empírica","https://scholar.google.com/scholar?q=%28%22k-fold%20cross-validation%22%20OR%20%22validaci%C3%B3n%20cruzada%22%29%20AND%20%28%22leave-one-out%22%20OR%20%22bootstrap%22%29%20AND%20%28%22resampling%22%29"
"U2-MOD-014","01_MODELOS_MINERIA_DATOS","Compromiso Sesgo-Varianza","(""bias variance tradeoff"" OR ""compromiso sesgo varianza"") AND (""generalization error"" OR ""error de generalización"")","Bilingüe (ES/EN)","Analizar formalmente el enfoque de: análisis del equilibrio entre subajuste y sobreajuste computacional","https://scholar.google.com/scholar?q=%28%22bias%20variance%20tradeoff%22%20OR%20%22compromiso%20sesgo%20varianza%22%29%20AND%20%28%22generalization%20error%22%20OR%20%22error%20de%20generalizaci%C3%B3n%22%29"
"U2-MOD-015","01_MODELOS_MINERIA_DATOS","Explicabilidad e Interpretabilidad (XAI)","(""explainable AI"" OR ""XAI"" OR ""interpretable machine learning"") AND (""SHAP"" OR ""LIME"") AND (""model interpretability"")","Bilingüe (ES/EN)","Analizar formalmente el enfoque de: técnicas de interpretabilidad local y global de modelos complejos","https://scholar.google.com/scholar?q=%28%22explainable%20AI%22%20OR%20%22XAI%22%20OR%20%22interpretable%20machine%20learning%22%29%20AND%20%28%22SHAP%22%20OR%20%22LIME%22%29%20AND%20%28%22model%20interpretability%22%29"
"U2-MET-001","02_METODOS_MINERIA_DATOS","Métodos Supervisados","(""supervised learning"" OR ""aprendizaje supervisado"") AND (""classification"" OR ""regression"") AND (""data mining methods"")","Bilingüe (ES/EN)","Examinar los principios metodológicos y algoritmos de: aprendizaje con supervisión de etiquetas de clase","https://scholar.google.com/scholar?q=%28%22supervised%20learning%22%20OR%20%22aprendizaje%20supervisado%22%29%20AND%20%28%22classification%22%20OR%20%22regression%22%29%20AND%20%28%22data%20mining%20methods%22%29"
"U2-MET-002","02_METODOS_MINERIA_DATOS","Métodos No Supervisados","(""unsupervised learning"" OR ""aprendizaje no supervisado"") AND (""clustering"" OR ""association"") AND (""pattern recognition"")","Bilingüe (ES/EN)","Examinar los principios metodológicos y algoritmos de: extracción de estructura latente sin etiquetas","https://scholar.google.com/scholar?q=%28%22unsupervised%20learning%22%20OR%20%22aprendizaje%20no%20supervisado%22%29%20AND%20%28%22clustering%22%20OR%20%22association%22%29%20AND%20%28%22pattern%20recognition%22%29"
"U2-MET-003","02_METODOS_MINERIA_DATOS","Métodos Semi-supervisados","(""semi-supervised learning"" OR ""aprendizaje semisupervisado"") AND (""pseudo-labeling"" OR ""active learning"") AND (""data mining"")","Bilingüe (ES/EN)","Examinar los principios metodológicos y algoritmos de: aprendizaje con etiquetado parcial e iterativo","https://scholar.google.com/scholar?q=%28%22semi-supervised%20learning%22%20OR%20%22aprendizaje%20semisupervisado%22%29%20AND%20%28%22pseudo-labeling%22%20OR%20%22active%20learning%22%29%20AND%20%28%22data%20mining%22%29"
"U2-MET-004","02_METODOS_MINERIA_DATOS","Métodos de Clasificación","(""classification methods"" OR ""métodos de clasificación"") AND (""decision trees"" OR ""SVM"" OR ""k-NN"") AND (""accuracy"")","Bilingüe (ES/EN)","Examinar los principios metodológicos y algoritmos de: clasificadores supervisados clásicos y contemporáneos","https://scholar.google.com/scholar?q=%28%22classification%20methods%22%20OR%20%22m%C3%A9todos%20de%20clasificaci%C3%B3n%22%29%20AND%20%28%22decision%20trees%22%20OR%20%22SVM%22%20OR%20%22k-NN%22%29%20AND%20%28%22accuracy%22%29"
"U2-MET-005","02_METODOS_MINERIA_DATOS","Métodos de Regresión Numérica","(""numerical regression"" OR ""regresión numérica"") AND (""least squares"" OR ""gradient descent"") AND (""prediction methods"")","Bilingüe (ES/EN)","Examinar los principios metodológicos y algoritmos de: modelos estadísticos de ajuste para variables cuantitativas","https://scholar.google.com/scholar?q=%28%22numerical%20regression%22%20OR%20%22regresi%C3%B3n%20num%C3%A9rica%22%29%20AND%20%28%22least%20squares%22%20OR%20%22gradient%20descent%22%29%20AND%20%28%22prediction%20methods%22%29"
"U2-MET-006","02_METODOS_MINERIA_DATOS","Clustering Particional (K-Means)","(""partitioning clustering"" OR ""clustering particional"") AND (""K-Means"" OR ""K-Medoids"") AND (""centroid optimization"")","Bilingüe (ES/EN)","Examinar los principios metodológicos y algoritmos de: optimización de centros de masa en clustering particional","https://scholar.google.com/scholar?q=%28%22partitioning%20clustering%22%20OR%20%22clustering%20particional%22%29%20AND%20%28%22K-Means%22%20OR%20%22K-Medoids%22%29%20AND%20%28%22centroid%20optimization%22%29"
"U2-MET-007","02_METODOS_MINERIA_DATOS","Clustering Jerárquico Aglomerativo","(""hierarchical clustering"" OR ""clustering jerárquico"") AND (""dendrogram"" OR ""Ward linkage"") AND (""agglomerative"")","Bilingüe (ES/EN)","Examinar los principios metodológicos y algoritmos de: construcción de árboles de proximidad y enlaces aglomerativos","https://scholar.google.com/scholar?q=%28%22hierarchical%20clustering%22%20OR%20%22clustering%20jer%C3%A1rquico%22%29%20AND%20%28%22dendrogram%22%20OR%20%22Ward%20linkage%22%29%20AND%20%28%22agglomerative%22%29"
"U2-MET-008","02_METODOS_MINERIA_DATOS","Clustering por Densidad (DBSCAN)","(""density-based clustering"" OR ""clustering por densidad"") AND (""DBSCAN"" OR ""OPTICS"") AND (""spatial noise"")","Bilingüe (ES/EN)","Examinar los principios metodológicos y algoritmos de: identificación de cúmulos de geometría arbitraria con ruido","https://scholar.google.com/scholar?q=%28%22density-based%20clustering%22%20OR%20%22clustering%20por%20densidad%22%29%20AND%20%28%22DBSCAN%22%20OR%20%22OPTICS%22%29%20AND%20%28%22spatial%20noise%22%29"
"U2-MET-009","02_METODOS_MINERIA_DATOS","Minería de Patrones Frecuentes","(""frequent pattern mining"" OR ""patrones frecuentes"") AND (""itemsets"" OR ""support threshold"") AND (""association rules"")","Bilingüe (ES/EN)","Examinar los principios metodológicos y algoritmos de: descubrimiento de correlaciones y co-ocurrencias de ítems","https://scholar.google.com/scholar?q=%28%22frequent%20pattern%20mining%22%20OR%20%22patrones%20frecuentes%22%29%20AND%20%28%22itemsets%22%20OR%20%22support%20threshold%22%29%20AND%20%28%22association%20rules%22%29"
"U2-MET-010","02_METODOS_MINERIA_DATOS","Algoritmos Apriori y FP-Growth","(""Apriori algorithm"" OR ""algoritmo Apriori"") AND (""FP-Growth"" OR ""FP-Tree"") AND (""efficiency comparison"")","Bilingüe (ES/EN)","Examinar los principios metodológicos y algoritmos de: evaluación comparativa de estructuras de datos para reglas","https://scholar.google.com/scholar?q=%28%22Apriori%20algorithm%22%20OR%20%22algoritmo%20Apriori%22%29%20AND%20%28%22FP-Growth%22%20OR%20%22FP-Tree%22%29%20AND%20%28%22efficiency%20comparison%22%29"
"U2-MET-011","02_METODOS_MINERIA_DATOS","Detección de Outliers por Distancia","(""distance-based outlier detection"" OR ""outliers por distancia"") AND (""k-NN distance"" OR ""Mahalanobis"") AND (""anomaly"")","Bilingüe (ES/EN)","Examinar los principios metodológicos y algoritmos de: detección de valores anómalos mediante métricas de distancia","https://scholar.google.com/scholar?q=%28%22distance-based%20outlier%20detection%22%20OR%20%22outliers%20por%20distancia%22%29%20AND%20%28%22k-NN%20distance%22%20OR%20%22Mahalanobis%22%29%20AND%20%28%22anomaly%22%29"
"U2-MET-012","02_METODOS_MINERIA_DATOS","Detección de Anomalías (Isolation Forest)","(""Isolation Forest"" OR ""bosque de aislamiento"") AND (""anomaly detection"" OR ""detección de anomalías"") AND (""sub-sampling"")","Bilingüe (ES/EN)","Examinar los principios metodológicos y algoritmos de: aislamiento estocástico eficiente de anomalías en alta dimensión","https://scholar.google.com/scholar?q=%28%22Isolation%20Forest%22%20OR%20%22bosque%20de%20aislamiento%22%29%20AND%20%28%22anomaly%20detection%22%20OR%20%22detecci%C3%B3n%20de%20anomal%C3%ADas%22%29%20AND%20%28%22sub-sampling%22%29"
"U2-MET-013","02_METODOS_MINERIA_DATOS","Reducción de Dimensionalidad (PCA)","(""dimensionality reduction"" OR ""reducción de dimensionalidad"") AND (""Principal Component Analysis"" OR ""PCA"") AND (""variance"")","Bilingüe (ES/EN)","Examinar los principios metodológicos y algoritmos de: transformación ortogonal para preservación de varianza","https://scholar.google.com/scholar?q=%28%22dimensionality%20reduction%22%20OR%20%22reducci%C3%B3n%20de%20dimensionalidad%22%29%20AND%20%28%22Principal%20Component%20Analysis%22%20OR%20%22PCA%22%29%20AND%20%28%22variance%22%29"
"U2-MET-014","02_METODOS_MINERIA_DATOS","Selección de Características (Feature Selection)","(""feature selection"" OR ""selección de características"") AND (""filter methods"" OR ""wrapper"" OR ""embedded"") AND (""data mining"")","Bilingüe (ES/EN)","Examinar los principios metodológicos y algoritmos de: estrategias de filtrado y optimización de subconjuntos de atributos","https://scholar.google.com/scholar?q=%28%22feature%20selection%22%20OR%20%22selecci%C3%B3n%20de%20caracter%C3%ADsticas%22%29%20AND%20%28%22filter%20methods%22%20OR%20%22wrapper%22%20OR%20%22embedded%22%29%20AND%20%28%22data%20mining%22%29"
"U2-MET-015","02_METODOS_MINERIA_DATOS","Métodos de Ensamblado (Ensemble Learning)","(""ensemble methods"" OR ""métodos de ensamblado"") AND (""Bagging"" OR ""Boosting"" OR ""Random Forest"") AND (""predictive performance"")","Bilingüe (ES/EN)","Examinar los principios metodológicos y algoritmos de: combinación sinérgica de múltiples estimadores débiles","https://scholar.google.com/scholar?q=%28%22ensemble%20methods%22%20OR%20%22m%C3%A9todos%20de%20ensamblado%22%29%20AND%20%28%22Bagging%22%20OR%20%22Boosting%22%20OR%20%22Random%20Forest%22%29%20AND%20%28%22predictive%20performance%22%29"
"U2-ARB-001","03_ARBOL_CLASIFICACION","Fundamentos del Algoritmo CART","(""CART algorithm"" OR ""algoritmo CART"") AND (""classification tree"" OR ""árbol de clasificación"") AND (""Breiman"")","Bilingüe (ES/EN)","Estudiar el desarrollo computacional de: la formulación canónica de CART por Breiman et al.","https://scholar.google.com/scholar?q=%28%22CART%20algorithm%22%20OR%20%22algoritmo%20CART%22%29%20AND%20%28%22classification%20tree%22%20OR%20%22%C3%A1rbol%20de%20clasificaci%C3%B3n%22%29%20AND%20%28%22Breiman%22%29"
"U2-ARB-002","03_ARBOL_CLASIFICACION","Impureza de Gini y División Binaria","(""Gini impurity"" OR ""impureza de Gini"") AND (""binary split"" OR ""división binaria"") AND (""decision tree"")","Bilingüe (ES/EN)","Estudiar el desarrollo computacional de: la minimización de impureza de Gini en particiones recursivas","https://scholar.google.com/scholar?q=%28%22Gini%20impurity%22%20OR%20%22impureza%20de%20Gini%22%29%20AND%20%28%22binary%20split%22%20OR%20%22divisi%C3%B3n%20binaria%22%29%20AND%20%28%22decision%20tree%22%29"
"U2-ARB-003","03_ARBOL_CLASIFICACION","Entropía y Algoritmo ID3","(""ID3 algorithm"" OR ""algoritmo ID3"") AND (""information entropy"" OR ""entropía de información"") AND (""Shannon"")","Bilingüe (ES/EN)","Estudiar el desarrollo computacional de: el cálculo de entropía de Shannon en la construcción de árboles","https://scholar.google.com/scholar?q=%28%22ID3%20algorithm%22%20OR%20%22algoritmo%20ID3%22%29%20AND%20%28%22information%20entropy%22%20OR%20%22entrop%C3%ADa%20de%20informaci%C3%B3n%22%29%20AND%20%28%22Shannon%22%29"
"U2-ARB-004","03_ARBOL_CLASIFICACION","Algoritmo C4.5 y Ratio de Ganancia","(""C4.5 algorithm"" OR ""algoritmo C4.5"") AND (""gain ratio"" OR ""ratio de ganancia"") AND (""Quinlan"")","Bilingüe (ES/EN)","Estudiar el desarrollo computacional de: las mejoras del algoritmo C4.5 para normalizar la ganancia","https://scholar.google.com/scholar?q=%28%22C4.5%20algorithm%22%20OR%20%22algoritmo%20C4.5%22%29%20AND%20%28%22gain%20ratio%22%20OR%20%22ratio%20de%20ganancia%22%29%20AND%20%28%22Quinlan%22%29"
"U2-ARB-005","03_ARBOL_CLASIFICACION","Variables Continuas vs Categóricas","(""continuous variables"" OR ""variables continuas"") AND (""categorical split"" OR ""división categórica"") AND (""decision tree"")","Bilingüe (ES/EN)","Estudiar el desarrollo computacional de: el umbralizado óptimo de variables numéricas y factores","https://scholar.google.com/scholar?q=%28%22continuous%20variables%22%20OR%20%22variables%20continuas%22%29%20AND%20%28%22categorical%20split%22%20OR%20%22divisi%C3%B3n%20categ%C3%B3rica%22%29%20AND%20%28%22decision%20tree%22%29"
"U2-ARB-006","03_ARBOL_CLASIFICACION","Tratamiento de Valores Perdidos (Surrogate Splits)","(""missing values in decision trees"" OR ""valores perdidos en árboles"") AND (""surrogate splits"" OR ""particiones sustitutas"")","Bilingüe (ES/EN)","Estudiar el desarrollo computacional de: la asignación predictiva ante atributos incompletos o faltantes","https://scholar.google.com/scholar?q=%28%22missing%20values%20in%20decision%20trees%22%20OR%20%22valores%20perdidos%20en%20%C3%A1rboles%22%29%20AND%20%28%22surrogate%20splits%22%20OR%20%22particiones%20sustitutas%22%29"
"U2-ARB-007","03_ARBOL_CLASIFICACION","Criterios de Parada y Crecimiento","(""stopping criteria"" OR ""criterios de parada"") AND (""tree depth"" OR ""min split"") AND (""overfitting control"")","Bilingüe (ES/EN)","Estudiar el desarrollo computacional de: los parámetros de profundidad mínima y tamaño muestral","https://scholar.google.com/scholar?q=%28%22stopping%20criteria%22%20OR%20%22criterios%20de%20parada%22%29%20AND%20%28%22tree%20depth%22%20OR%20%22min%20split%22%29%20AND%20%28%22overfitting%20control%22%29"
"U2-ARB-008","03_ARBOL_CLASIFICACION","Poda Coste-Complejidad (Pruning cp)","(""cost complexity pruning"" OR ""poda coste complejidad"") AND (""complexity parameter"" OR ""cp"") AND (""tree pruning"")","Bilingüe (ES/EN)","Estudiar el desarrollo computacional de: la función de penalización por número de nodos terminales","https://scholar.google.com/scholar?q=%28%22cost%20complexity%20pruning%22%20OR%20%22poda%20coste%20complejidad%22%29%20AND%20%28%22complexity%20parameter%22%20OR%20%22cp%22%29%20AND%20%28%22tree%20pruning%22%29"
"U2-ARB-009","03_ARBOL_CLASIFICACION","Estimación del Error por Validación Cruzada","(""cross-validation tree pruning"" OR ""validación cruzada en poda"") AND (""generalization error"" OR ""1-SE rule"")","Bilingüe (ES/EN)","Estudiar el desarrollo computacional de: la selección del árbol podado óptimo según la regla de 1 error estándar","https://scholar.google.com/scholar?q=%28%22cross-validation%20tree%20pruning%22%20OR%20%22validaci%C3%B3n%20cruzada%20en%20poda%22%29%20AND%20%28%22generalization%20error%22%20OR%20%221-SE%20rule%22%29"
"U2-ARB-010","03_ARBOL_CLASIFICACION","Extracción de Reglas Semánticas","(""decision tree rule extraction"" OR ""extracción de reglas de decisión"") AND (""IF-THEN rules"" OR ""interpretability"")","Bilingüe (ES/EN)","Estudiar el desarrollo computacional de: la traducción de ramas jerárquicas a reglas declarativas legibles","https://scholar.google.com/scholar?q=%28%22decision%20tree%20rule%20extraction%22%20OR%20%22extracci%C3%B3n%20de%20reglas%20de%20decisi%C3%B3n%22%29%20AND%20%28%22IF-THEN%20rules%22%20OR%20%22interpretability%22%29"
"U2-ARB-011","03_ARBOL_CLASIFICACION","Estabilidad ante Perturbaciones","(""decision tree stability"" OR ""estabilidad de árboles de decisión"") AND (""data perturbation"" OR ""variance"")","Bilingüe (ES/EN)","Estudiar el desarrollo computacional de: la varianza estructural de los árboles ante cambios en los datos","https://scholar.google.com/scholar?q=%28%22decision%20tree%20stability%22%20OR%20%22estabilidad%20de%20%C3%A1rboles%20de%20decisi%C3%B3n%22%29%20AND%20%28%22data%20perturbation%22%20OR%20%22variance%22%29"
"U2-ARB-012","03_ARBOL_CLASIFICACION","Árboles Oblicuos vs Ortogonales","(""oblique decision trees"" OR ""árboles de decisión oblicuos"") AND (""linear combination splits"" OR ""multivariate"")","Bilingüe (ES/EN)","Estudiar el desarrollo computacional de: la partición con hiperplanos no paralelos a los ejes de coordenadas","https://scholar.google.com/scholar?q=%28%22oblique%20decision%20trees%22%20OR%20%22%C3%A1rboles%20de%20decisi%C3%B3n%20oblicuos%22%29%20AND%20%28%22linear%20combination%20splits%22%20OR%20%22multivariate%22%29"
"U2-ARB-013","03_ARBOL_CLASIFICACION","Árboles para Datos Multietiqueta","(""multi-label decision trees"" OR ""árboles multietiqueta"") AND (""multi-target classification"") AND (""data mining"")","Bilingüe (ES/EN)","Estudiar el desarrollo computacional de: la extensión de árboles a problemas con múltiples etiquetas simultáneas","https://scholar.google.com/scholar?q=%28%22multi-label%20decision%20trees%22%20OR%20%22%C3%A1rboles%20multietiqueta%22%29%20AND%20%28%22multi-target%20classification%22%29%20AND%20%28%22data%20mining%22%29"
"U2-ARB-014","03_ARBOL_CLASIFICACION","Árboles en Diagnóstico Médico","(""classification trees in medicine"" OR ""árboles de clasificación en medicina"") AND (""clinical diagnosis"" OR ""decision support"")","Bilingüe (ES/EN)","Estudiar el desarrollo computacional de: estudios empíricos aplicados al triaje y diagnóstico clínico","https://scholar.google.com/scholar?q=%28%22classification%20trees%20in%20medicine%22%20OR%20%22%C3%A1rboles%20de%20clasificaci%C3%B3n%20en%20medicina%22%29%20AND%20%28%22clinical%20diagnosis%22%20OR%20%22decision%20support%22%29"
"U2-ARB-015","03_ARBOL_CLASIFICACION","Árboles en Evaluación de Riesgo Financiero","(""decision trees in credit risk"" OR ""árboles de decisión en riesgo crediticio"") AND (""credit scoring"" OR ""default prediction"")","Bilingüe (ES/EN)","Estudiar el desarrollo computacional de: modelado de scoring financiero para aprobación de préstamos","https://scholar.google.com/scholar?q=%28%22decision%20trees%20in%20credit%20risk%22%20OR%20%22%C3%A1rboles%20de%20decisi%C3%B3n%20en%20riesgo%20crediticio%22%29%20AND%20%28%22credit%20scoring%22%20OR%20%22default%20prediction%22%29"
"U2-NN-001","04_REDES_NEURONALES","Perceptrón Simple y Separabilidad","(""single-layer perceptron"" OR ""perceptrón simple"") AND (""linear separability"" OR ""separabilidad lineal"") AND (""Rosenblatt"")","Bilingüe (ES/EN)","Investigar las bases computacionales y matemáticas de: la teoría fundacional del perceptrón y sus límites lineales","https://scholar.google.com/scholar?q=%28%22single-layer%20perceptron%22%20OR%20%22perceptr%C3%B3n%20simple%22%29%20AND%20%28%22linear%20separability%22%20OR%20%22separabilidad%20lineal%22%29%20AND%20%28%22Rosenblatt%22%29"
"U2-NN-002","04_REDES_NEURONALES","Perceptrón Multicapa y Teorema Universal","(""multilayer perceptron"" OR ""perceptrón multicapa"") AND (""universal approximation theorem"" OR ""Hornik"") AND (""neural networks"")","Bilingüe (ES/EN)","Investigar las bases computacionales y matemáticas de: la capacidad de aproximación universal de funciones continuas","https://scholar.google.com/scholar?q=%28%22multilayer%20perceptron%22%20OR%20%22perceptr%C3%B3n%20multicapa%22%29%20AND%20%28%22universal%20approximation%20theorem%22%20OR%20%22Hornik%22%29%20AND%20%28%22neural%20networks%22%29"
"U2-NN-003","04_REDES_NEURONALES","Algoritmo de Retropropagación (Backpropagation)","(""backpropagation algorithm"" OR ""algoritmo de retropropagación"") AND (""chain rule"" OR ""error gradient"") AND (""Rumelhart"")","Bilingüe (ES/EN)","Investigar las bases computacionales y matemáticas de: la derivación formal del cálculo de gradientes por regla de la cadena","https://scholar.google.com/scholar?q=%28%22backpropagation%20algorithm%22%20OR%20%22algoritmo%20de%20retropropagaci%C3%B3n%22%29%20AND%20%28%22chain%20rule%22%20OR%20%22error%20gradient%22%29%20AND%20%28%22Rumelhart%22%29"
"U2-NN-004","04_REDES_NEURONALES","Funciones de Activación Sigmoide y Tanh","(""sigmoid activation"" OR ""función de activación sigmoide"") AND (""hyperbolic tangent"" OR ""tanh"") AND (""neural networks"")","Bilingüe (ES/EN)","Investigar las bases computacionales y matemáticas de: el comportamiento de funciones acotadas no lineales clásicas","https://scholar.google.com/scholar?q=%28%22sigmoid%20activation%22%20OR%20%22funci%C3%B3n%20de%20activaci%C3%B3n%20sigmoide%22%29%20AND%20%28%22hyperbolic%20tangent%22%20OR%20%22tanh%22%29%20AND%20%28%22neural%20networks%22%29"
"U2-NN-005","04_REDES_NEURONALES","Funciones de Activación ReLU y GELU","(""ReLU activation"" OR ""función ReLU"") AND (""Leaky ReLU"" OR ""GELU"") AND (""vanishing gradient prevention"")","Bilingüe (ES/EN)","Investigar las bases computacionales y matemáticas de: las ventajas de las funciones rectificadas lineales modernas","https://scholar.google.com/scholar?q=%28%22ReLU%20activation%22%20OR%20%22funci%C3%B3n%20ReLU%22%29%20AND%20%28%22Leaky%20ReLU%22%20OR%20%22GELU%22%29%20AND%20%28%22vanishing%20gradient%20prevention%22%29"
"U2-NN-006","04_REDES_NEURONALES","Funciones de Pérdida y Entropía Cruzada","(""cross-entropy loss"" OR ""pérdida de entropía cruzada"") AND (""mean squared error"" OR ""MSE"") AND (""cost function"")","Bilingüe (ES/EN)","Investigar las bases computacionales y matemáticas de: las métricas de divergencia de probabilidad para optimización","https://scholar.google.com/scholar?q=%28%22cross-entropy%20loss%22%20OR%20%22p%C3%A9rdida%20de%20entrop%C3%ADa%20cruzada%22%29%20AND%20%28%22mean%20squared%20error%22%20OR%20%22MSE%22%29%20AND%20%28%22cost%20function%22%29"
"U2-NN-007","04_REDES_NEURONALES","Descenso de Gradiente Estocástico (SGD)","(""stochastic gradient descent"" OR ""descenso de gradiente estocástico"") AND (""learning rate"" OR ""momentum"") AND (""optimization"")","Bilingüe (ES/EN)","Investigar las bases computacionales y matemáticas de: los algoritmos de descenso basados en mini-lotes y momentos","https://scholar.google.com/scholar?q=%28%22stochastic%20gradient%20descent%22%20OR%20%22descenso%20de%20gradiente%20estoc%C3%A1stico%22%29%20AND%20%28%22learning%20rate%22%20OR%20%22momentum%22%29%20AND%20%28%22optimization%22%29"
"U2-NN-008","04_REDES_NEURONALES","Optimizadores Adaptativos (Adam, RMSprop)","(""Adam optimizer"" OR ""optimizador Adam"") AND (""RMSprop"" OR ""AdaGrad"") AND (""adaptive learning rate"")","Bilingüe (ES/EN)","Investigar las bases computacionales y matemáticas de: los esquemas de ajuste adaptativo del tamaño de paso por parámetro","https://scholar.google.com/scholar?q=%28%22Adam%20optimizer%22%20OR%20%22optimizador%20Adam%22%29%20AND%20%28%22RMSprop%22%20OR%20%22AdaGrad%22%29%20AND%20%28%22adaptive%20learning%20rate%22%29"
"U2-NN-009","04_REDES_NEURONALES","Regularización L2 y Weight Decay","(""weight decay"" OR ""decaimiento de pesos"") AND (""L2 regularization"" OR ""regularización L2"") AND (""overfitting prevention"")","Bilingüe (ES/EN)","Investigar las bases computacionales y matemáticas de: la penalización cuadrática de pesos sinápticos grandes","https://scholar.google.com/scholar?q=%28%22weight%20decay%22%20OR%20%22decaimiento%20de%20pesos%22%29%20AND%20%28%22L2%20regularization%22%20OR%20%22regularizaci%C3%B3n%20L2%22%29%20AND%20%28%22overfitting%20prevention%22%29"
"U2-NN-010","04_REDES_NEURONALES","Técnicas de Dropout y Parada Temprana","(""dropout regularization"" OR ""técnica de dropout"") AND (""early stopping"" OR ""parada temprana"") AND (""neural network generalization"")","Bilingüe (ES/EN)","Investigar las bases computacionales y matemáticas de: la desactivación estocástica de neuronas y monitoreo de validación","https://scholar.google.com/scholar?q=%28%22dropout%20regularization%22%20OR%20%22t%C3%A9cnica%20de%20dropout%22%29%20AND%20%28%22early%20stopping%22%20OR%20%22parada%20temprana%22%29%20AND%20%28%22neural%20network%20generalization%22%29"
"U2-NN-011","04_REDES_NEURONALES","Normalización por Lotes (Batch Normalization)","(""batch normalization"" OR ""normalización por lotes"") AND (""internal covariate shift"" OR ""training stability"")","Bilingüe (ES/EN)","Investigar las bases computacionales y matemáticas de: la normalización de distribuciones intermedias en capas ocultas","https://scholar.google.com/scholar?q=%28%22batch%20normalization%22%20OR%20%22normalizaci%C3%B3n%20por%20lotes%22%29%20AND%20%28%22internal%20covariate%20shift%22%20OR%20%22training%20stability%22%29"
"U2-NN-012","04_REDES_NEURONALES","Gradiente Desvaneciente y Explosivo","(""vanishing gradient problem"" OR ""gradiente desvaneciente"") AND (""exploding gradient"" OR ""gradient clipping"")","Bilingüe (ES/EN)","Investigar las bases computacionales y matemáticas de: la degradación de señales de error a través de múltiples capas","https://scholar.google.com/scholar?q=%28%22vanishing%20gradient%20problem%22%20OR%20%22gradiente%20desvaneciente%22%29%20AND%20%28%22exploding%20gradient%22%20OR%20%22gradient%20clipping%22%29"
"U2-NN-013","04_REDES_NEURONALES","Clasificación Multiclase y Softmax","(""softmax function"" OR ""función softmax"") AND (""multiclass neural network"" OR ""clasificación multiclase"")","Bilingüe (ES/EN)","Investigar las bases computacionales y matemáticas de: la asignación normalizada de probabilidades a posteriori en salida","https://scholar.google.com/scholar?q=%28%22softmax%20function%22%20OR%20%22funci%C3%B3n%20softmax%22%29%20AND%20%28%22multiclass%20neural%20network%22%20OR%20%22clasificaci%C3%B3n%20multiclase%22%29"
"U2-NN-014","04_REDES_NEURONALES","Redes Neuronales para Regresión No Lineal","(""neural networks for regression"" OR ""redes neuronales para regresión"") AND (""function approximation"" OR ""continuous target"")","Bilingüe (ES/EN)","Investigar las bases computacionales y matemáticas de: la predicción de valores continuos y ajuste de superficies complejas","https://scholar.google.com/scholar?q=%28%22neural%20networks%20for%20regression%22%20OR%20%22redes%20neuronales%20para%20regresi%C3%B3n%22%29%20AND%20%28%22function%20approximation%22%20OR%20%22continuous%20target%22%29"
"U2-NN-015","04_REDES_NEURONALES","Transición hacia Aprendizaje Profundo","(""deep learning foundations"" OR ""fundamentos de aprendizaje profundo"") AND (""deep neural networks"" OR ""representation learning"")","Bilingüe (ES/EN)","Investigar las bases computacionales y matemáticas de: la evolución hacia arquitecturas profundas y representación jerárquica","https://scholar.google.com/scholar?q=%28%22deep%20learning%20foundations%22%20OR%20%22fundamentos%20de%20aprendizaje%20profundo%22%29%20AND%20%28%22deep%20neural%20networks%22%20OR%20%22representation%20learning%22%29"
"U2-APP-001","05_APLICACION_MINERIA_DATOS","Minería en CRM y Valor del Cliente","(""data mining in CRM"" OR ""minería de datos en CRM"") AND (""customer lifetime value"" OR ""CLV"") AND (""relationship management"")","Bilingüe (ES/EN)","Revisar casos empíricos y literatura aplicada sobre: estimación de valor y rentabilidad longitudinal de clientes","https://scholar.google.com/scholar?q=%28%22data%20mining%20in%20CRM%22%20OR%20%22miner%C3%ADa%20de%20datos%20en%20CRM%22%29%20AND%20%28%22customer%20lifetime%20value%22%20OR%20%22CLV%22%29%20AND%20%28%22relationship%20management%22%29"
"U2-APP-002","05_APLICACION_MINERIA_DATOS","Predicción de Churn y Abandono","(""churn prediction"" OR ""predicción de fuga de clientes"") AND (""customer retention"" OR ""retención"") AND (""data mining models"")","Bilingüe (ES/EN)","Revisar casos empíricos y literatura aplicada sobre: modelos predictivos para mitigar la deserción de usuarios","https://scholar.google.com/scholar?q=%28%22churn%20prediction%22%20OR%20%22predicci%C3%B3n%20de%20fuga%20de%20clientes%22%29%20AND%20%28%22customer%20retention%22%20OR%20%22retenci%C3%B3n%22%29%20AND%20%28%22data%20mining%20models%22%29"
"U2-APP-003","05_APLICACION_MINERIA_DATOS","Marketing Digital y Microtargeting","(""digital marketing data mining"" OR ""minería en marketing digital"") AND (""behavioral segmentation"" OR ""microtargeting"")","Bilingüe (ES/EN)","Revisar casos empíricos y literatura aplicada sobre: segmentación granular en campañas comerciales personalizadas","https://scholar.google.com/scholar?q=%28%22digital%20marketing%20data%20mining%22%20OR%20%22miner%C3%ADa%20en%20marketing%20digital%22%29%20AND%20%28%22behavioral%20segmentation%22%20OR%20%22microtargeting%22%29"
"U2-APP-004","05_APLICACION_MINERIA_DATOS","Sistemas de Recomendación E-commerce","(""recommender systems"" OR ""sistemas de recomendación"") AND (""collaborative filtering"" OR ""e-commerce"") AND (""personalization"")","Bilingüe (ES/EN)","Revisar casos empíricos y literatura aplicada sobre: arquitecturas de recomendación de productos y contenidos","https://scholar.google.com/scholar?q=%28%22recommender%20systems%22%20OR%20%22sistemas%20de%20recomendaci%C3%B3n%22%29%20AND%20%28%22collaborative%20filtering%22%20OR%20%22e-commerce%22%29%20AND%20%28%22personalization%22%29"
"U2-APP-005","05_APLICACION_MINERIA_DATOS","Análisis de Cesta de Compra (Retail)","(""market basket analysis"" OR ""análisis de la cesta de la compra"") AND (""association rules"" OR ""retail data mining"")","Bilingüe (ES/EN)","Revisar casos empíricos y literatura aplicada sobre: descubrimiento de patrones de compra cruzada en retail","https://scholar.google.com/scholar?q=%28%22market%20basket%20analysis%22%20OR%20%22an%C3%A1lisis%20de%20la%20cesta%20de%20la%20compra%22%29%20AND%20%28%22association%20rules%22%20OR%20%22retail%20data%20mining%22%29"
"U2-APP-006","05_APLICACION_MINERIA_DATOS","Detección de Fraude en Tarjetas","(""credit card fraud detection"" OR ""detección de fraude en tarjetas"") AND (""data mining"" OR ""imbalanced classification"")","Bilingüe (ES/EN)","Revisar casos empíricos y literatura aplicada sobre: mitigación de fraude financiero bajo clases altamente desbalanceadas","https://scholar.google.com/scholar?q=%28%22credit%20card%20fraud%20detection%22%20OR%20%22detecci%C3%B3n%20de%20fraude%20en%20tarjetas%22%29%20AND%20%28%22data%20mining%22%20OR%20%22imbalanced%20classification%22%29"
"U2-APP-007","05_APLICACION_MINERIA_DATOS","Calificación Crediticia (Credit Scoring)","(""credit scoring models"" OR ""modelos de riesgo crediticio"") AND (""default prediction"" OR ""banking data mining"")","Bilingüe (ES/EN)","Revisar casos empíricos y literatura aplicada sobre: evaluación analítica del riesgo de impago en banca minorista","https://scholar.google.com/scholar?q=%28%22credit%20scoring%20models%22%20OR%20%22modelos%20de%20riesgo%20crediticio%22%29%20AND%20%28%22default%20prediction%22%20OR%20%22banking%20data%20mining%22%29"
"U2-APP-008","05_APLICACION_MINERIA_DATOS","Prevención de Blanqueo de Capitales (AML)","(""anti-money laundering"" OR ""prevención de blanqueo de capitales"") AND (""data mining"" OR ""anomaly detection in finance"")","Bilingüe (ES/EN)","Revisar casos empíricos y literatura aplicada sobre: rastreo de patrones atípicos y transferencias sospechosas","https://scholar.google.com/scholar?q=%28%22anti-money%20laundering%22%20OR%20%22prevenci%C3%B3n%20de%20blanqueo%20de%20capitales%22%29%20AND%20%28%22data%20mining%22%20OR%20%22anomaly%20detection%20in%20finance%22%29"
"U2-APP-009","05_APLICACION_MINERIA_DATOS","Diagnóstico Clínico Asistido","(""clinical data mining"" OR ""minería de datos clínicos"") AND (""medical diagnosis"" OR ""computer-aided diagnosis"")","Bilingüe (ES/EN)","Revisar casos empíricos y literatura aplicada sobre: sistemas de soporte para precisión en diagnósticos médicos","https://scholar.google.com/scholar?q=%28%22clinical%20data%20mining%22%20OR%20%22miner%C3%ADa%20de%20datos%20cl%C3%ADnicos%22%29%20AND%20%28%22medical%20diagnosis%22%20OR%20%22computer-aided%20diagnosis%22%29"
"U2-APP-010","05_APLICACION_MINERIA_DATOS","Supervivencia y Pronóstico Hospitalario","(""hospital patient length of stay"" OR ""pronóstico hospitalario"") AND (""patient survival prediction"" OR ""healthcare data mining"")","Bilingüe (ES/EN)","Revisar casos empíricos y literatura aplicada sobre: modelado del tiempo de estancia y sobrevida en cuidados intensivos","https://scholar.google.com/scholar?q=%28%22hospital%20patient%20length%20of%20stay%22%20OR%20%22pron%C3%B3stico%20hospitalario%22%29%20AND%20%28%22patient%20survival%20prediction%22%20OR%20%22healthcare%20data%20mining%22%29"
"U2-APP-011","05_APLICACION_MINERIA_DATOS","Epidemiología Computacional","(""computational epidemiology"" OR ""epidemiología computacional"") AND (""disease outbreak prediction"" OR ""infectious spread"")","Bilingüe (ES/EN)","Revisar casos empíricos y literatura aplicada sobre: análisis geoespacial y temporal de epidemias virales","https://scholar.google.com/scholar?q=%28%22computational%20epidemiology%22%20OR%20%22epidemiolog%C3%ADa%20computacional%22%29%20AND%20%28%22disease%20outbreak%20prediction%22%20OR%20%22infectious%20spread%22%29"
"U2-APP-012","05_APLICACION_MINERIA_DATOS","Mantenimiento Predictivo Industrial","(""predictive maintenance"" OR ""mantenimiento predictivo"") AND (""Industry 4.0"" OR ""sensor data mining"" OR ""fault detection"")","Bilingüe (ES/EN)","Revisar casos empíricos y literatura aplicada sobre: detección anticipada de fallos en maquinaria de producción","https://scholar.google.com/scholar?q=%28%22predictive%20maintenance%22%20OR%20%22mantenimiento%20predictivo%22%29%20AND%20%28%22Industry%204.0%22%20OR%20%22sensor%20data%20mining%22%20OR%20%22fault%20detection%22%29"
"U2-APP-013","05_APLICACION_MINERIA_DATOS","Optimización de Cadena de Suministro","(""supply chain data mining"" OR ""minería en cadena de suministro"") AND (""demand forecasting"" OR ""inventory optimization"")","Bilingüe (ES/EN)","Revisar casos empíricos y literatura aplicada sobre: planificación logística inteligente y gestión de inventarios","https://scholar.google.com/scholar?q=%28%22supply%20chain%20data%20mining%22%20OR%20%22miner%C3%ADa%20en%20cadena%20de%20suministro%22%29%20AND%20%28%22demand%20forecasting%22%20OR%20%22inventory%20optimization%22%29"
"U2-APP-014","05_APLICACION_MINERIA_DATOS","Minería en Telecomunicaciones","(""telecommunications data mining"" OR ""minería en telecomunicaciones"") AND (""network traffic analysis"" OR ""service quality"")","Bilingüe (ES/EN)","Revisar casos empíricos y literatura aplicada sobre: monitoreo de congestión y calidad de servicio en redes de voz y datos","https://scholar.google.com/scholar?q=%28%22telecommunications%20data%20mining%22%20OR%20%22miner%C3%ADa%20en%20telecomunicaciones%22%29%20AND%20%28%22network%20traffic%20analysis%22%20OR%20%22service%20quality%22%29"
"U2-APP-015","05_APLICACION_MINERIA_DATOS","Analítica Prescriptiva para Decisiones","(""prescriptive analytics"" OR ""analítica prescriptiva"") AND (""decision support systems"" OR ""executive decision making"")","Bilingüe (ES/EN)","Revisar casos empíricos y literatura aplicada sobre: integración de modelos analíticos en el cuadro de mando directivo","https://scholar.google.com/scholar?q=%28%22prescriptive%20analytics%22%20OR%20%22anal%C3%ADtica%20prescriptiva%22%29%20AND%20%28%22decision%20support%20systems%22%20OR%20%22executive%20decision%20making%22%29"
"U2-EDM-001","06_MINERIA_DATOS_EDUCACION","Estado del Arte en EDM","(""educational data mining"" OR ""minería de datos educativa"") AND (""state of the art"" OR ""estado del arte"") AND (""survey"")","Bilingüe (ES/EN)","Sistematizar la evidencia académica de EDM sobre: marcos teóricos y taxonomías fundacionales de la disciplina","https://scholar.google.com/scholar?q=%28%22educational%20data%20mining%22%20OR%20%22miner%C3%ADa%20de%20datos%20educativa%22%29%20AND%20%28%22state%20of%20the%20art%22%20OR%20%22estado%20del%20arte%22%29%20AND%20%28%22survey%22%29"
"U2-EDM-002","06_MINERIA_DATOS_EDUCACION","Convergencia EDM y Learning Analytics","(""educational data mining"" OR ""EDM"") AND (""learning analytics"" OR ""analítica del aprendizaje"") AND (""comparison"")","Bilingüe (ES/EN)","Sistematizar la evidencia académica de EDM sobre: puntos de contacto metodológico entre EDM y Learning Analytics","https://scholar.google.com/scholar?q=%28%22educational%20data%20mining%22%20OR%20%22EDM%22%29%20AND%20%28%22learning%20analytics%22%20OR%20%22anal%C3%ADtica%20del%20aprendizaje%22%29%20AND%20%28%22comparison%22%29"
"U2-EDM-003","06_MINERIA_DATOS_EDUCACION","Predicción del Rendimiento Académico","(""academic performance prediction"" OR ""predicción del rendimiento académico"") AND (""student grades"" OR ""machine learning"")","Bilingüe (ES/EN)","Sistematizar la evidencia académica de EDM sobre: clasificación y regresión predictiva de notas de examen","https://scholar.google.com/scholar?q=%28%22academic%20performance%20prediction%22%20OR%20%22predicci%C3%B3n%20del%20rendimiento%20acad%C3%A9mico%22%29%20AND%20%28%22student%20grades%22%20OR%20%22machine%20learning%22%29"
"U2-EDM-004","06_MINERIA_DATOS_EDUCACION","Detección Temprana de Deserción Escolar","(""student dropout prediction"" OR ""predicción de deserción estudiantil"") AND (""early warning systems"" OR ""higher education"")","Bilingüe (ES/EN)","Sistematizar la evidencia académica de EDM sobre: sistemas automáticos de alerta temprana contra el abandono escolar","https://scholar.google.com/scholar?q=%28%22student%20dropout%20prediction%22%20OR%20%22predicci%C3%B3n%20de%20deserci%C3%B3n%20estudiantil%22%29%20AND%20%28%22early%20warning%20systems%22%20OR%20%22higher%20education%22%29"
"U2-EDM-005","06_MINERIA_DATOS_EDUCACION","Modelado de Interacción en LMS","(""LMS log data mining"" OR ""minería de logs de LMS"") AND (""Moodle"" OR ""Canvas"") AND (""student behavior modeling"")","Bilingüe (ES/EN)","Sistematizar la evidencia académica de EDM sobre: extracción de indicadores formativos en plataformas virtuales","https://scholar.google.com/scholar?q=%28%22LMS%20log%20data%20mining%22%20OR%20%22miner%C3%ADa%20de%20logs%20de%20LMS%22%29%20AND%20%28%22Moodle%22%20OR%20%22Canvas%22%29%20AND%20%28%22student%20behavior%20modeling%22%29"
"U2-EDM-006","06_MINERIA_DATOS_EDUCACION","Análisis de Clickstream y Logs","(""clickstream analysis in education"" OR ""análisis de clickstream educativo"") AND (""learning patterns"" OR ""time spent"")","Bilingüe (ES/EN)","Sistematizar la evidencia académica de EDM sobre: análisis secuencial de trayectorias y eventos de navegación","https://scholar.google.com/scholar?q=%28%22clickstream%20analysis%20in%20education%22%20OR%20%22an%C3%A1lisis%20de%20clickstream%20educativo%22%29%20AND%20%28%22learning%20patterns%22%20OR%20%22time%20spent%22%29"
"U2-EDM-007","06_MINERIA_DATOS_EDUCACION","Detección de 'Gaming the System'","(""gaming the system"" OR ""conductas atípicas en aprendizaje"") AND (""student disengagement"" OR ""intelligent tutoring"")","Bilingüe (ES/EN)","Sistematizar la evidencia académica de EDM sobre: identificación de trampas y desapego en resolución de ejercicios","https://scholar.google.com/scholar?q=%28%22gaming%20the%20system%22%20OR%20%22conductas%20at%C3%ADpicas%20en%20aprendizaje%22%29%20AND%20%28%22student%20disengagement%22%20OR%20%22intelligent%20tutoring%22%29"
"U2-EDM-008","06_MINERIA_DATOS_EDUCACION","Sistemas Tutores Inteligentes (ITS)","(""intelligent tutoring systems"" OR ""sistemas tutores inteligentes"") AND (""adaptive learning"" OR ""student modeling"")","Bilingüe (ES/EN)","Sistematizar la evidencia académica de EDM sobre: personalización dinámica del ritmo y contenidos de aprendizaje","https://scholar.google.com/scholar?q=%28%22intelligent%20tutoring%20systems%22%20OR%20%22sistemas%20tutores%20inteligentes%22%29%20AND%20%28%22adaptive%20learning%22%20OR%20%22student%20modeling%22%29"
"U2-EDM-009","06_MINERIA_DATOS_EDUCACION","Minería de Texto en Foros Educativos","(""educational text mining"" OR ""minería de texto en educación"") AND (""discussion forums"" OR ""sentiment analysis in LMS"")","Bilingüe (ES/EN)","Sistematizar la evidencia académica de EDM sobre: procesamiento de lenguaje natural en intercambios colaborativos","https://scholar.google.com/scholar?q=%28%22educational%20text%20mining%22%20OR%20%22miner%C3%ADa%20de%20texto%20en%20educaci%C3%B3n%22%29%20AND%20%28%22discussion%20forums%22%20OR%20%22sentiment%20analysis%20in%20LMS%22%29"
"U2-EDM-010","06_MINERIA_DATOS_EDUCACION","Agrupamiento de Estilos de Aprendizaje","(""learning styles clustering"" OR ""agrupamiento de estilos de aprendizaje"") AND (""K-Means"" OR ""student profiling"")","Bilingüe (ES/EN)","Sistematizar la evidencia académica de EDM sobre: segmentación no supervisada de hábitos de estudio preferentes","https://scholar.google.com/scholar?q=%28%22learning%20styles%20clustering%22%20OR%20%22agrupamiento%20de%20estilos%20de%20aprendizaje%22%29%20AND%20%28%22K-Means%22%20OR%20%22student%20profiling%22%29"
"U2-EDM-011","06_MINERIA_DATOS_EDUCACION","Analítica en Cursos MOOC","(""MOOC analytics"" OR ""analítica en MOOCs"") AND (""course completion prediction"" OR ""learner retention"")","Bilingüe (ES/EN)","Sistematizar la evidencia académica de EDM sobre: modelado de persistencia en entornos masivos abiertos","https://scholar.google.com/scholar?q=%28%22MOOC%20analytics%22%20OR%20%22anal%C3%ADtica%20en%20MOOCs%22%29%20AND%20%28%22course%20completion%20prediction%22%20OR%20%22learner%20retention%22%29"
"U2-EDM-012","06_MINERIA_DATOS_EDUCACION","Computación Afectiva y Compromiso","(""affective computing in education"" OR ""computación afectiva en educación"") AND (""student engagement"" OR ""emotion detection"")","Bilingüe (ES/EN)","Sistematizar la evidencia académica de EDM sobre: detección de estados emocionales de frustración y aburrimiento","https://scholar.google.com/scholar?q=%28%22affective%20computing%20in%20education%22%20OR%20%22computaci%C3%B3n%20afectiva%20en%20educaci%C3%B3n%22%29%20AND%20%28%22student%20engagement%22%20OR%20%22emotion%20detection%22%29"
"U2-EDM-013","06_MINERIA_DATOS_EDUCACION","Tableros Analíticos para Docentes","(""learning analytics dashboards"" OR ""tableros de analítica de aprendizaje"") AND (""teacher decision support"" OR ""visualization"")","Bilingüe (ES/EN)","Sistematizar la evidencia académica de EDM sobre: diseño de interfaces de retroalimentación pedagógica para profesores","https://scholar.google.com/scholar?q=%28%22learning%20analytics%20dashboards%22%20OR%20%22tableros%20de%20anal%C3%ADtica%20de%20aprendizaje%22%29%20AND%20%28%22teacher%20decision%20support%22%20OR%20%22visualization%22%29"
"U2-EDM-014","06_MINERIA_DATOS_EDUCACION","Ética y Privacidad en Datos Educativos","(""ethics in educational data mining"" OR ""ética en minería de datos educativa"") AND (""student privacy"" OR ""data governance"")","Bilingüe (ES/EN)","Sistematizar la evidencia académica de EDM sobre: cumplimiento regulatorio y protección de la intimidad estudiantil","https://scholar.google.com/scholar?q=%28%22ethics%20in%20educational%20data%20mining%22%20OR%20%22%C3%A9tica%20en%20miner%C3%ADa%20de%20datos%20educativa%22%29%20AND%20%28%22student%20privacy%22%20OR%20%22data%20governance%22%29"
"U2-EDM-015","06_MINERIA_DATOS_EDUCACION","Impacto de Intervenciones Institucionales","(""institutional interventions based on EDM"" OR ""intervenciones educativas basadas en EDM"") AND (""dropout reduction"" OR ""success"")","Bilingüe (ES/EN)","Sistematizar la evidencia académica de EDM sobre: medición empírica del éxito de tutorías orientadas por datos","https://scholar.google.com/scholar?q=%28%22institutional%20interventions%20based%20on%20EDM%22%20OR%20%22intervenciones%20educativas%20basadas%20en%20EDM%22%29%20AND%20%28%22dropout%20reduction%22%20OR%20%22success%22%29"
"U3-ARB-001","01_ARBOL_DECISION","Fundamentación Empírica del Problema","(""decision tree banking"" OR ""árbol de decisión marketing"") AND (""empirical application"") AND (""data mining"")","Bilingüe (ES/EN)","Investigar Fundamentación Empírica del Problema en el contexto de: modelado de telemarketing y contratación de depósitos bancarios","https://scholar.google.com/scholar?q=%28%22decision%20tree%20banking%22%20OR%20%22%C3%A1rbol%20de%20decisi%C3%B3n%20marketing%22%29%20AND%20%28%22empirical%20application%22%29%20AND%20%28%22data%20mining%22%29"
"U3-ARB-002","01_ARBOL_DECISION","Caracterización del Dataset Público","(""decision tree banking"" OR ""árbol de decisión marketing"") AND (""public benchmark dataset"") AND (""machine learning"")","Bilingüe (ES/EN)","Investigar Caracterización del Dataset Público en el contexto de: modelado de telemarketing y contratación de depósitos bancarios","https://scholar.google.com/scholar?q=%28%22decision%20tree%20banking%22%20OR%20%22%C3%A1rbol%20de%20decisi%C3%B3n%20marketing%22%29%20AND%20%28%22public%20benchmark%20dataset%22%29%20AND%20%28%22machine%20learning%22%29"
"U3-ARB-003","01_ARBOL_DECISION","Preprocesamiento y Limpieza de Variables","(""decision tree banking"" OR ""árbol de decisión marketing"") AND (""preprocessing"") AND (""data cleaning"")","Bilingüe (ES/EN)","Investigar Preprocesamiento y Limpieza de Variables en el contexto de: modelado de telemarketing y contratación de depósitos bancarios","https://scholar.google.com/scholar?q=%28%22decision%20tree%20banking%22%20OR%20%22%C3%A1rbol%20de%20decisi%C3%B3n%20marketing%22%29%20AND%20%28%22preprocessing%22%29%20AND%20%28%22data%20cleaning%22%29"
"U3-ARB-004","01_ARBOL_DECISION","Tratamiento de Valores Perdidos y Outliers","(""decision tree banking"" OR ""árbol de decisión marketing"") AND (""missing data and outliers"") AND (""robust statistics"")","Bilingüe (ES/EN)","Investigar Tratamiento de Valores Perdidos y Outliers en el contexto de: modelado de telemarketing y contratación de depósitos bancarios","https://scholar.google.com/scholar?q=%28%22decision%20tree%20banking%22%20OR%20%22%C3%A1rbol%20de%20decisi%C3%B3n%20marketing%22%29%20AND%20%28%22missing%20data%20and%20outliers%22%29%20AND%20%28%22robust%20statistics%22%29"
"U3-ARB-005","01_ARBOL_DECISION","Ingeniería y Selección de Características","(""decision tree banking"" OR ""árbol de decisión marketing"") AND (""feature engineering"") AND (""predictive variables"")","Bilingüe (ES/EN)","Investigar Ingeniería y Selección de Características en el contexto de: modelado de telemarketing y contratación de depósitos bancarios","https://scholar.google.com/scholar?q=%28%22decision%20tree%20banking%22%20OR%20%22%C3%A1rbol%20de%20decisi%C3%B3n%20marketing%22%29%20AND%20%28%22feature%20engineering%22%29%20AND%20%28%22predictive%20variables%22%29"
"U3-ARB-006","01_ARBOL_DECISION","Entrenamiento del Modelo Principal","(""decision tree banking"" OR ""árbol de decisión marketing"") AND (""model training"") AND (""algorithm"")","Bilingüe (ES/EN)","Investigar Entrenamiento del Modelo Principal en el contexto de: modelado de telemarketing y contratación de depósitos bancarios","https://scholar.google.com/scholar?q=%28%22decision%20tree%20banking%22%20OR%20%22%C3%A1rbol%20de%20decisi%C3%B3n%20marketing%22%29%20AND%20%28%22model%20training%22%29%20AND%20%28%22algorithm%22%29"
"U3-ARB-007","01_ARBOL_DECISION","Optimización de Hiperparámetros","(""decision tree banking"" OR ""árbol de decisión marketing"") AND (""hyperparameter tuning"") AND (""grid search"")","Bilingüe (ES/EN)","Investigar Optimización de Hiperparámetros en el contexto de: modelado de telemarketing y contratación de depósitos bancarios","https://scholar.google.com/scholar?q=%28%22decision%20tree%20banking%22%20OR%20%22%C3%A1rbol%20de%20decisi%C3%B3n%20marketing%22%29%20AND%20%28%22hyperparameter%20tuning%22%29%20AND%20%28%22grid%20search%22%29"
"U3-ARB-008","01_ARBOL_DECISION","Validación Cruzada y Resampleo","(""decision tree banking"" OR ""árbol de decisión marketing"") AND (""cross-validation"") AND (""k-fold"")","Bilingüe (ES/EN)","Investigar Validación Cruzada y Resampleo en el contexto de: modelado de telemarketing y contratación de depósitos bancarios","https://scholar.google.com/scholar?q=%28%22decision%20tree%20banking%22%20OR%20%22%C3%A1rbol%20de%20decisi%C3%B3n%20marketing%22%29%20AND%20%28%22cross-validation%22%29%20AND%20%28%22k-fold%22%29"
"U3-ARB-009","01_ARBOL_DECISION","Evaluación mediante Matriz de Confusión","(""decision tree banking"" OR ""árbol de decisión marketing"") AND (""confusion matrix"") AND (""accuracy recall"")","Bilingüe (ES/EN)","Investigar Evaluación mediante Matriz de Confusión en el contexto de: modelado de telemarketing y contratación de depósitos bancarios","https://scholar.google.com/scholar?q=%28%22decision%20tree%20banking%22%20OR%20%22%C3%A1rbol%20de%20decisi%C3%B3n%20marketing%22%29%20AND%20%28%22confusion%20matrix%22%29%20AND%20%28%22accuracy%20recall%22%29"
"U3-ARB-010","01_ARBOL_DECISION","Curvas ROC y Calibración de Umbral","(""decision tree banking"" OR ""árbol de decisión marketing"") AND (""ROC AUC curve"") AND (""classification threshold"")","Bilingüe (ES/EN)","Investigar Curvas ROC y Calibración de Umbral en el contexto de: modelado de telemarketing y contratación de depósitos bancarios","https://scholar.google.com/scholar?q=%28%22decision%20tree%20banking%22%20OR%20%22%C3%A1rbol%20de%20decisi%C3%B3n%20marketing%22%29%20AND%20%28%22ROC%20AUC%20curve%22%29%20AND%20%28%22classification%20threshold%22%29"
"U3-ARB-011","01_ARBOL_DECISION","Análisis de Sensibilidad y Estabilidad","(""decision tree banking"" OR ""árbol de decisión marketing"") AND (""sensitivity analysis"") AND (""model stability"")","Bilingüe (ES/EN)","Investigar Análisis de Sensibilidad y Estabilidad en el contexto de: modelado de telemarketing y contratación de depósitos bancarios","https://scholar.google.com/scholar?q=%28%22decision%20tree%20banking%22%20OR%20%22%C3%A1rbol%20de%20decisi%C3%B3n%20marketing%22%29%20AND%20%28%22sensitivity%20analysis%22%29%20AND%20%28%22model%20stability%22%29"
"U3-ARB-012","01_ARBOL_DECISION","Visualización Diagnóstica de Resultados","(""decision tree banking"" OR ""árbol de decisión marketing"") AND (""diagnostic plots"") AND (""visual analytics"")","Bilingüe (ES/EN)","Investigar Visualización Diagnóstica de Resultados en el contexto de: modelado de telemarketing y contratación de depósitos bancarios","https://scholar.google.com/scholar?q=%28%22decision%20tree%20banking%22%20OR%20%22%C3%A1rbol%20de%20decisi%C3%B3n%20marketing%22%29%20AND%20%28%22diagnostic%20plots%22%29%20AND%20%28%22visual%20analytics%22%29"
"U3-ARB-013","01_ARBOL_DECISION","Comparación con Modelos de Referencia","(""decision tree banking"" OR ""árbol de decisión marketing"") AND (""baseline comparison"") AND (""performance benchmark"")","Bilingüe (ES/EN)","Investigar Comparación con Modelos de Referencia en el contexto de: modelado de telemarketing y contratación de depósitos bancarios","https://scholar.google.com/scholar?q=%28%22decision%20tree%20banking%22%20OR%20%22%C3%A1rbol%20de%20decisi%C3%B3n%20marketing%22%29%20AND%20%28%22baseline%20comparison%22%29%20AND%20%28%22performance%20benchmark%22%29"
"U3-ARB-014","01_ARBOL_DECISION","Interpretación y Reglas Extraídas","(""decision tree banking"" OR ""árbol de decisión marketing"") AND (""interpretation rules"") AND (""explainable AI"")","Bilingüe (ES/EN)","Investigar Interpretación y Reglas Extraídas en el contexto de: modelado de telemarketing y contratación de depósitos bancarios","https://scholar.google.com/scholar?q=%28%22decision%20tree%20banking%22%20OR%20%22%C3%A1rbol%20de%20decisi%C3%B3n%20marketing%22%29%20AND%20%28%22interpretation%20rules%22%29%20AND%20%28%22explainable%20AI%22%29"
"U3-ARB-015","01_ARBOL_DECISION","Despliegue y Validación Fuera de Muestra","(""decision tree banking"" OR ""árbol de decisión marketing"") AND (""out-of-sample deployment"") AND (""reproducibility"")","Bilingüe (ES/EN)","Investigar Despliegue y Validación Fuera de Muestra en el contexto de: modelado de telemarketing y contratación de depósitos bancarios","https://scholar.google.com/scholar?q=%28%22decision%20tree%20banking%22%20OR%20%22%C3%A1rbol%20de%20decisi%C3%B3n%20marketing%22%29%20AND%20%28%22out-of-sample%20deployment%22%29%20AND%20%28%22reproducibility%22%29"
"U3-NN-001","02_REDES_NEURONALES","Fundamentación Empírica del Problema","(""neural networks diabetes"" OR ""redes neuronales diagnóstico clínico"") AND (""empirical application"") AND (""data mining"")","Bilingüe (ES/EN)","Investigar Fundamentación Empírica del Problema en el contexto de: detección temprana y clasificación conexionista del riesgo diabético","https://scholar.google.com/scholar?q=%28%22neural%20networks%20diabetes%22%20OR%20%22redes%20neuronales%20diagn%C3%B3stico%20cl%C3%ADnico%22%29%20AND%20%28%22empirical%20application%22%29%20AND%20%28%22data%20mining%22%29"
"U3-NN-002","02_REDES_NEURONALES","Caracterización del Dataset Público","(""neural networks diabetes"" OR ""redes neuronales diagnóstico clínico"") AND (""public benchmark dataset"") AND (""machine learning"")","Bilingüe (ES/EN)","Investigar Caracterización del Dataset Público en el contexto de: detección temprana y clasificación conexionista del riesgo diabético","https://scholar.google.com/scholar?q=%28%22neural%20networks%20diabetes%22%20OR%20%22redes%20neuronales%20diagn%C3%B3stico%20cl%C3%ADnico%22%29%20AND%20%28%22public%20benchmark%20dataset%22%29%20AND%20%28%22machine%20learning%22%29"
"U3-NN-003","02_REDES_NEURONALES","Preprocesamiento y Limpieza de Variables","(""neural networks diabetes"" OR ""redes neuronales diagnóstico clínico"") AND (""preprocessing"") AND (""data cleaning"")","Bilingüe (ES/EN)","Investigar Preprocesamiento y Limpieza de Variables en el contexto de: detección temprana y clasificación conexionista del riesgo diabético","https://scholar.google.com/scholar?q=%28%22neural%20networks%20diabetes%22%20OR%20%22redes%20neuronales%20diagn%C3%B3stico%20cl%C3%ADnico%22%29%20AND%20%28%22preprocessing%22%29%20AND%20%28%22data%20cleaning%22%29"
"U3-NN-004","02_REDES_NEURONALES","Tratamiento de Valores Perdidos y Outliers","(""neural networks diabetes"" OR ""redes neuronales diagnóstico clínico"") AND (""missing data and outliers"") AND (""robust statistics"")","Bilingüe (ES/EN)","Investigar Tratamiento de Valores Perdidos y Outliers en el contexto de: detección temprana y clasificación conexionista del riesgo diabético","https://scholar.google.com/scholar?q=%28%22neural%20networks%20diabetes%22%20OR%20%22redes%20neuronales%20diagn%C3%B3stico%20cl%C3%ADnico%22%29%20AND%20%28%22missing%20data%20and%20outliers%22%29%20AND%20%28%22robust%20statistics%22%29"
"U3-NN-005","02_REDES_NEURONALES","Ingeniería y Selección de Características","(""neural networks diabetes"" OR ""redes neuronales diagnóstico clínico"") AND (""feature engineering"") AND (""predictive variables"")","Bilingüe (ES/EN)","Investigar Ingeniería y Selección de Características en el contexto de: detección temprana y clasificación conexionista del riesgo diabético","https://scholar.google.com/scholar?q=%28%22neural%20networks%20diabetes%22%20OR%20%22redes%20neuronales%20diagn%C3%B3stico%20cl%C3%ADnico%22%29%20AND%20%28%22feature%20engineering%22%29%20AND%20%28%22predictive%20variables%22%29"
"U3-NN-006","02_REDES_NEURONALES","Entrenamiento del Modelo Principal","(""neural networks diabetes"" OR ""redes neuronales diagnóstico clínico"") AND (""model training"") AND (""algorithm"")","Bilingüe (ES/EN)","Investigar Entrenamiento del Modelo Principal en el contexto de: detección temprana y clasificación conexionista del riesgo diabético","https://scholar.google.com/scholar?q=%28%22neural%20networks%20diabetes%22%20OR%20%22redes%20neuronales%20diagn%C3%B3stico%20cl%C3%ADnico%22%29%20AND%20%28%22model%20training%22%29%20AND%20%28%22algorithm%22%29"
"U3-NN-007","02_REDES_NEURONALES","Optimización de Hiperparámetros","(""neural networks diabetes"" OR ""redes neuronales diagnóstico clínico"") AND (""hyperparameter tuning"") AND (""grid search"")","Bilingüe (ES/EN)","Investigar Optimización de Hiperparámetros en el contexto de: detección temprana y clasificación conexionista del riesgo diabético","https://scholar.google.com/scholar?q=%28%22neural%20networks%20diabetes%22%20OR%20%22redes%20neuronales%20diagn%C3%B3stico%20cl%C3%ADnico%22%29%20AND%20%28%22hyperparameter%20tuning%22%29%20AND%20%28%22grid%20search%22%29"
"U3-NN-008","02_REDES_NEURONALES","Validación Cruzada y Resampleo","(""neural networks diabetes"" OR ""redes neuronales diagnóstico clínico"") AND (""cross-validation"") AND (""k-fold"")","Bilingüe (ES/EN)","Investigar Validación Cruzada y Resampleo en el contexto de: detección temprana y clasificación conexionista del riesgo diabético","https://scholar.google.com/scholar?q=%28%22neural%20networks%20diabetes%22%20OR%20%22redes%20neuronales%20diagn%C3%B3stico%20cl%C3%ADnico%22%29%20AND%20%28%22cross-validation%22%29%20AND%20%28%22k-fold%22%29"
"U3-NN-009","02_REDES_NEURONALES","Evaluación mediante Matriz de Confusión","(""neural networks diabetes"" OR ""redes neuronales diagnóstico clínico"") AND (""confusion matrix"") AND (""accuracy recall"")","Bilingüe (ES/EN)","Investigar Evaluación mediante Matriz de Confusión en el contexto de: detección temprana y clasificación conexionista del riesgo diabético","https://scholar.google.com/scholar?q=%28%22neural%20networks%20diabetes%22%20OR%20%22redes%20neuronales%20diagn%C3%B3stico%20cl%C3%ADnico%22%29%20AND%20%28%22confusion%20matrix%22%29%20AND%20%28%22accuracy%20recall%22%29"
"U3-NN-010","02_REDES_NEURONALES","Curvas ROC y Calibración de Umbral","(""neural networks diabetes"" OR ""redes neuronales diagnóstico clínico"") AND (""ROC AUC curve"") AND (""classification threshold"")","Bilingüe (ES/EN)","Investigar Curvas ROC y Calibración de Umbral en el contexto de: detección temprana y clasificación conexionista del riesgo diabético","https://scholar.google.com/scholar?q=%28%22neural%20networks%20diabetes%22%20OR%20%22redes%20neuronales%20diagn%C3%B3stico%20cl%C3%ADnico%22%29%20AND%20%28%22ROC%20AUC%20curve%22%29%20AND%20%28%22classification%20threshold%22%29"
"U3-NN-011","02_REDES_NEURONALES","Análisis de Sensibilidad y Estabilidad","(""neural networks diabetes"" OR ""redes neuronales diagnóstico clínico"") AND (""sensitivity analysis"") AND (""model stability"")","Bilingüe (ES/EN)","Investigar Análisis de Sensibilidad y Estabilidad en el contexto de: detección temprana y clasificación conexionista del riesgo diabético","https://scholar.google.com/scholar?q=%28%22neural%20networks%20diabetes%22%20OR%20%22redes%20neuronales%20diagn%C3%B3stico%20cl%C3%ADnico%22%29%20AND%20%28%22sensitivity%20analysis%22%29%20AND%20%28%22model%20stability%22%29"
"U3-NN-012","02_REDES_NEURONALES","Visualización Diagnóstica de Resultados","(""neural networks diabetes"" OR ""redes neuronales diagnóstico clínico"") AND (""diagnostic plots"") AND (""visual analytics"")","Bilingüe (ES/EN)","Investigar Visualización Diagnóstica de Resultados en el contexto de: detección temprana y clasificación conexionista del riesgo diabético","https://scholar.google.com/scholar?q=%28%22neural%20networks%20diabetes%22%20OR%20%22redes%20neuronales%20diagn%C3%B3stico%20cl%C3%ADnico%22%29%20AND%20%28%22diagnostic%20plots%22%29%20AND%20%28%22visual%20analytics%22%29"
"U3-NN-013","02_REDES_NEURONALES","Comparación con Modelos de Referencia","(""neural networks diabetes"" OR ""redes neuronales diagnóstico clínico"") AND (""baseline comparison"") AND (""performance benchmark"")","Bilingüe (ES/EN)","Investigar Comparación con Modelos de Referencia en el contexto de: detección temprana y clasificación conexionista del riesgo diabético","https://scholar.google.com/scholar?q=%28%22neural%20networks%20diabetes%22%20OR%20%22redes%20neuronales%20diagn%C3%B3stico%20cl%C3%ADnico%22%29%20AND%20%28%22baseline%20comparison%22%29%20AND%20%28%22performance%20benchmark%22%29"
"U3-NN-014","02_REDES_NEURONALES","Interpretación y Reglas Extraídas","(""neural networks diabetes"" OR ""redes neuronales diagnóstico clínico"") AND (""interpretation rules"") AND (""explainable AI"")","Bilingüe (ES/EN)","Investigar Interpretación y Reglas Extraídas en el contexto de: detección temprana y clasificación conexionista del riesgo diabético","https://scholar.google.com/scholar?q=%28%22neural%20networks%20diabetes%22%20OR%20%22redes%20neuronales%20diagn%C3%B3stico%20cl%C3%ADnico%22%29%20AND%20%28%22interpretation%20rules%22%29%20AND%20%28%22explainable%20AI%22%29"
"U3-NN-015","02_REDES_NEURONALES","Despliegue y Validación Fuera de Muestra","(""neural networks diabetes"" OR ""redes neuronales diagnóstico clínico"") AND (""out-of-sample deployment"") AND (""reproducibility"")","Bilingüe (ES/EN)","Investigar Despliegue y Validación Fuera de Muestra en el contexto de: detección temprana y clasificación conexionista del riesgo diabético","https://scholar.google.com/scholar?q=%28%22neural%20networks%20diabetes%22%20OR%20%22redes%20neuronales%20diagn%C3%B3stico%20cl%C3%ADnico%22%29%20AND%20%28%22out-of-sample%20deployment%22%29%20AND%20%28%22reproducibility%22%29"
"U3-CLU-001","03_CLUSTERES","Fundamentación Empírica del Problema","(""K-Means wholesale customers"" OR ""segmentación de clientes mayoristas"") AND (""empirical application"") AND (""data mining"")","Bilingüe (ES/EN)","Investigar Fundamentación Empírica del Problema en el contexto de: agrupamiento no supervisado y análisis de silueta en patrones de compra","https://scholar.google.com/scholar?q=%28%22K-Means%20wholesale%20customers%22%20OR%20%22segmentaci%C3%B3n%20de%20clientes%20mayoristas%22%29%20AND%20%28%22empirical%20application%22%29%20AND%20%28%22data%20mining%22%29"
"U3-CLU-002","03_CLUSTERES","Caracterización del Dataset Público","(""K-Means wholesale customers"" OR ""segmentación de clientes mayoristas"") AND (""public benchmark dataset"") AND (""machine learning"")","Bilingüe (ES/EN)","Investigar Caracterización del Dataset Público en el contexto de: agrupamiento no supervisado y análisis de silueta en patrones de compra","https://scholar.google.com/scholar?q=%28%22K-Means%20wholesale%20customers%22%20OR%20%22segmentaci%C3%B3n%20de%20clientes%20mayoristas%22%29%20AND%20%28%22public%20benchmark%20dataset%22%29%20AND%20%28%22machine%20learning%22%29"
"U3-CLU-003","03_CLUSTERES","Preprocesamiento y Limpieza de Variables","(""K-Means wholesale customers"" OR ""segmentación de clientes mayoristas"") AND (""preprocessing"") AND (""data cleaning"")","Bilingüe (ES/EN)","Investigar Preprocesamiento y Limpieza de Variables en el contexto de: agrupamiento no supervisado y análisis de silueta en patrones de compra","https://scholar.google.com/scholar?q=%28%22K-Means%20wholesale%20customers%22%20OR%20%22segmentaci%C3%B3n%20de%20clientes%20mayoristas%22%29%20AND%20%28%22preprocessing%22%29%20AND%20%28%22data%20cleaning%22%29"
"U3-CLU-004","03_CLUSTERES","Tratamiento de Valores Perdidos y Outliers","(""K-Means wholesale customers"" OR ""segmentación de clientes mayoristas"") AND (""missing data and outliers"") AND (""robust statistics"")","Bilingüe (ES/EN)","Investigar Tratamiento de Valores Perdidos y Outliers en el contexto de: agrupamiento no supervisado y análisis de silueta en patrones de compra","https://scholar.google.com/scholar?q=%28%22K-Means%20wholesale%20customers%22%20OR%20%22segmentaci%C3%B3n%20de%20clientes%20mayoristas%22%29%20AND%20%28%22missing%20data%20and%20outliers%22%29%20AND%20%28%22robust%20statistics%22%29"
"U3-CLU-005","03_CLUSTERES","Ingeniería y Selección de Características","(""K-Means wholesale customers"" OR ""segmentación de clientes mayoristas"") AND (""feature engineering"") AND (""predictive variables"")","Bilingüe (ES/EN)","Investigar Ingeniería y Selección de Características en el contexto de: agrupamiento no supervisado y análisis de silueta en patrones de compra","https://scholar.google.com/scholar?q=%28%22K-Means%20wholesale%20customers%22%20OR%20%22segmentaci%C3%B3n%20de%20clientes%20mayoristas%22%29%20AND%20%28%22feature%20engineering%22%29%20AND%20%28%22predictive%20variables%22%29"
"U3-CLU-006","03_CLUSTERES","Entrenamiento del Modelo Principal","(""K-Means wholesale customers"" OR ""segmentación de clientes mayoristas"") AND (""model training"") AND (""algorithm"")","Bilingüe (ES/EN)","Investigar Entrenamiento del Modelo Principal en el contexto de: agrupamiento no supervisado y análisis de silueta en patrones de compra","https://scholar.google.com/scholar?q=%28%22K-Means%20wholesale%20customers%22%20OR%20%22segmentaci%C3%B3n%20de%20clientes%20mayoristas%22%29%20AND%20%28%22model%20training%22%29%20AND%20%28%22algorithm%22%29"
"U3-CLU-007","03_CLUSTERES","Optimización de Hiperparámetros","(""K-Means wholesale customers"" OR ""segmentación de clientes mayoristas"") AND (""hyperparameter tuning"") AND (""grid search"")","Bilingüe (ES/EN)","Investigar Optimización de Hiperparámetros en el contexto de: agrupamiento no supervisado y análisis de silueta en patrones de compra","https://scholar.google.com/scholar?q=%28%22K-Means%20wholesale%20customers%22%20OR%20%22segmentaci%C3%B3n%20de%20clientes%20mayoristas%22%29%20AND%20%28%22hyperparameter%20tuning%22%29%20AND%20%28%22grid%20search%22%29"
"U3-CLU-008","03_CLUSTERES","Validación Cruzada y Resampleo","(""K-Means wholesale customers"" OR ""segmentación de clientes mayoristas"") AND (""cross-validation"") AND (""k-fold"")","Bilingüe (ES/EN)","Investigar Validación Cruzada y Resampleo en el contexto de: agrupamiento no supervisado y análisis de silueta en patrones de compra","https://scholar.google.com/scholar?q=%28%22K-Means%20wholesale%20customers%22%20OR%20%22segmentaci%C3%B3n%20de%20clientes%20mayoristas%22%29%20AND%20%28%22cross-validation%22%29%20AND%20%28%22k-fold%22%29"
"U3-CLU-009","03_CLUSTERES","Evaluación mediante Matriz de Confusión","(""K-Means wholesale customers"" OR ""segmentación de clientes mayoristas"") AND (""confusion matrix"") AND (""accuracy recall"")","Bilingüe (ES/EN)","Investigar Evaluación mediante Matriz de Confusión en el contexto de: agrupamiento no supervisado y análisis de silueta en patrones de compra","https://scholar.google.com/scholar?q=%28%22K-Means%20wholesale%20customers%22%20OR%20%22segmentaci%C3%B3n%20de%20clientes%20mayoristas%22%29%20AND%20%28%22confusion%20matrix%22%29%20AND%20%28%22accuracy%20recall%22%29"
"U3-CLU-010","03_CLUSTERES","Curvas ROC y Calibración de Umbral","(""K-Means wholesale customers"" OR ""segmentación de clientes mayoristas"") AND (""ROC AUC curve"") AND (""classification threshold"")","Bilingüe (ES/EN)","Investigar Curvas ROC y Calibración de Umbral en el contexto de: agrupamiento no supervisado y análisis de silueta en patrones de compra","https://scholar.google.com/scholar?q=%28%22K-Means%20wholesale%20customers%22%20OR%20%22segmentaci%C3%B3n%20de%20clientes%20mayoristas%22%29%20AND%20%28%22ROC%20AUC%20curve%22%29%20AND%20%28%22classification%20threshold%22%29"
"U3-CLU-011","03_CLUSTERES","Análisis de Sensibilidad y Estabilidad","(""K-Means wholesale customers"" OR ""segmentación de clientes mayoristas"") AND (""sensitivity analysis"") AND (""model stability"")","Bilingüe (ES/EN)","Investigar Análisis de Sensibilidad y Estabilidad en el contexto de: agrupamiento no supervisado y análisis de silueta en patrones de compra","https://scholar.google.com/scholar?q=%28%22K-Means%20wholesale%20customers%22%20OR%20%22segmentaci%C3%B3n%20de%20clientes%20mayoristas%22%29%20AND%20%28%22sensitivity%20analysis%22%29%20AND%20%28%22model%20stability%22%29"
"U3-CLU-012","03_CLUSTERES","Visualización Diagnóstica de Resultados","(""K-Means wholesale customers"" OR ""segmentación de clientes mayoristas"") AND (""diagnostic plots"") AND (""visual analytics"")","Bilingüe (ES/EN)","Investigar Visualización Diagnóstica de Resultados en el contexto de: agrupamiento no supervisado y análisis de silueta en patrones de compra","https://scholar.google.com/scholar?q=%28%22K-Means%20wholesale%20customers%22%20OR%20%22segmentaci%C3%B3n%20de%20clientes%20mayoristas%22%29%20AND%20%28%22diagnostic%20plots%22%29%20AND%20%28%22visual%20analytics%22%29"
"U3-CLU-013","03_CLUSTERES","Comparación con Modelos de Referencia","(""K-Means wholesale customers"" OR ""segmentación de clientes mayoristas"") AND (""baseline comparison"") AND (""performance benchmark"")","Bilingüe (ES/EN)","Investigar Comparación con Modelos de Referencia en el contexto de: agrupamiento no supervisado y análisis de silueta en patrones de compra","https://scholar.google.com/scholar?q=%28%22K-Means%20wholesale%20customers%22%20OR%20%22segmentaci%C3%B3n%20de%20clientes%20mayoristas%22%29%20AND%20%28%22baseline%20comparison%22%29%20AND%20%28%22performance%20benchmark%22%29"
"U3-CLU-014","03_CLUSTERES","Interpretación y Reglas Extraídas","(""K-Means wholesale customers"" OR ""segmentación de clientes mayoristas"") AND (""interpretation rules"") AND (""explainable AI"")","Bilingüe (ES/EN)","Investigar Interpretación y Reglas Extraídas en el contexto de: agrupamiento no supervisado y análisis de silueta en patrones de compra","https://scholar.google.com/scholar?q=%28%22K-Means%20wholesale%20customers%22%20OR%20%22segmentaci%C3%B3n%20de%20clientes%20mayoristas%22%29%20AND%20%28%22interpretation%20rules%22%29%20AND%20%28%22explainable%20AI%22%29"
"U3-CLU-015","03_CLUSTERES","Despliegue y Validación Fuera de Muestra","(""K-Means wholesale customers"" OR ""segmentación de clientes mayoristas"") AND (""out-of-sample deployment"") AND (""reproducibility"")","Bilingüe (ES/EN)","Investigar Despliegue y Validación Fuera de Muestra en el contexto de: agrupamiento no supervisado y análisis de silueta en patrones de compra","https://scholar.google.com/scholar?q=%28%22K-Means%20wholesale%20customers%22%20OR%20%22segmentaci%C3%B3n%20de%20clientes%20mayoristas%22%29%20AND%20%28%22out-of-sample%20deployment%22%29%20AND%20%28%22reproducibility%22%29"
"U3-TS-001","04_SERIES_TIEMPO","Fundamentación Empírica del Problema","(""electricity demand forecasting"" OR ""pronóstico de series temporales de demanda"") AND (""empirical application"") AND (""data mining"")","Bilingüe (ES/EN)","Investigar Fundamentación Empírica del Problema en el contexto de: modelado estacional y descomposición Holt-Winters/ARIMA en energía","https://scholar.google.com/scholar?q=%28%22electricity%20demand%20forecasting%22%20OR%20%22pron%C3%B3stico%20de%20series%20temporales%20de%20demanda%22%29%20AND%20%28%22empirical%20application%22%29%20AND%20%28%22data%20mining%22%29"
"U3-TS-002","04_SERIES_TIEMPO","Caracterización del Dataset Público","(""electricity demand forecasting"" OR ""pronóstico de series temporales de demanda"") AND (""public benchmark dataset"") AND (""machine learning"")","Bilingüe (ES/EN)","Investigar Caracterización del Dataset Público en el contexto de: modelado estacional y descomposición Holt-Winters/ARIMA en energía","https://scholar.google.com/scholar?q=%28%22electricity%20demand%20forecasting%22%20OR%20%22pron%C3%B3stico%20de%20series%20temporales%20de%20demanda%22%29%20AND%20%28%22public%20benchmark%20dataset%22%29%20AND%20%28%22machine%20learning%22%29"
"U3-TS-003","04_SERIES_TIEMPO","Preprocesamiento y Limpieza de Variables","(""electricity demand forecasting"" OR ""pronóstico de series temporales de demanda"") AND (""preprocessing"") AND (""data cleaning"")","Bilingüe (ES/EN)","Investigar Preprocesamiento y Limpieza de Variables en el contexto de: modelado estacional y descomposición Holt-Winters/ARIMA en energía","https://scholar.google.com/scholar?q=%28%22electricity%20demand%20forecasting%22%20OR%20%22pron%C3%B3stico%20de%20series%20temporales%20de%20demanda%22%29%20AND%20%28%22preprocessing%22%29%20AND%20%28%22data%20cleaning%22%29"
"U3-TS-004","04_SERIES_TIEMPO","Tratamiento de Valores Perdidos y Outliers","(""electricity demand forecasting"" OR ""pronóstico de series temporales de demanda"") AND (""missing data and outliers"") AND (""robust statistics"")","Bilingüe (ES/EN)","Investigar Tratamiento de Valores Perdidos y Outliers en el contexto de: modelado estacional y descomposición Holt-Winters/ARIMA en energía","https://scholar.google.com/scholar?q=%28%22electricity%20demand%20forecasting%22%20OR%20%22pron%C3%B3stico%20de%20series%20temporales%20de%20demanda%22%29%20AND%20%28%22missing%20data%20and%20outliers%22%29%20AND%20%28%22robust%20statistics%22%29"
"U3-TS-005","04_SERIES_TIEMPO","Ingeniería y Selección de Características","(""electricity demand forecasting"" OR ""pronóstico de series temporales de demanda"") AND (""feature engineering"") AND (""predictive variables"")","Bilingüe (ES/EN)","Investigar Ingeniería y Selección de Características en el contexto de: modelado estacional y descomposición Holt-Winters/ARIMA en energía","https://scholar.google.com/scholar?q=%28%22electricity%20demand%20forecasting%22%20OR%20%22pron%C3%B3stico%20de%20series%20temporales%20de%20demanda%22%29%20AND%20%28%22feature%20engineering%22%29%20AND%20%28%22predictive%20variables%22%29"
"U3-TS-006","04_SERIES_TIEMPO","Entrenamiento del Modelo Principal","(""electricity demand forecasting"" OR ""pronóstico de series temporales de demanda"") AND (""model training"") AND (""algorithm"")","Bilingüe (ES/EN)","Investigar Entrenamiento del Modelo Principal en el contexto de: modelado estacional y descomposición Holt-Winters/ARIMA en energía","https://scholar.google.com/scholar?q=%28%22electricity%20demand%20forecasting%22%20OR%20%22pron%C3%B3stico%20de%20series%20temporales%20de%20demanda%22%29%20AND%20%28%22model%20training%22%29%20AND%20%28%22algorithm%22%29"
"U3-TS-007","04_SERIES_TIEMPO","Optimización de Hiperparámetros","(""electricity demand forecasting"" OR ""pronóstico de series temporales de demanda"") AND (""hyperparameter tuning"") AND (""grid search"")","Bilingüe (ES/EN)","Investigar Optimización de Hiperparámetros en el contexto de: modelado estacional y descomposición Holt-Winters/ARIMA en energía","https://scholar.google.com/scholar?q=%28%22electricity%20demand%20forecasting%22%20OR%20%22pron%C3%B3stico%20de%20series%20temporales%20de%20demanda%22%29%20AND%20%28%22hyperparameter%20tuning%22%29%20AND%20%28%22grid%20search%22%29"
"U3-TS-008","04_SERIES_TIEMPO","Validación Cruzada y Resampleo","(""electricity demand forecasting"" OR ""pronóstico de series temporales de demanda"") AND (""cross-validation"") AND (""k-fold"")","Bilingüe (ES/EN)","Investigar Validación Cruzada y Resampleo en el contexto de: modelado estacional y descomposición Holt-Winters/ARIMA en energía","https://scholar.google.com/scholar?q=%28%22electricity%20demand%20forecasting%22%20OR%20%22pron%C3%B3stico%20de%20series%20temporales%20de%20demanda%22%29%20AND%20%28%22cross-validation%22%29%20AND%20%28%22k-fold%22%29"
"U3-TS-009","04_SERIES_TIEMPO","Evaluación mediante Matriz de Confusión","(""electricity demand forecasting"" OR ""pronóstico de series temporales de demanda"") AND (""confusion matrix"") AND (""accuracy recall"")","Bilingüe (ES/EN)","Investigar Evaluación mediante Matriz de Confusión en el contexto de: modelado estacional y descomposición Holt-Winters/ARIMA en energía","https://scholar.google.com/scholar?q=%28%22electricity%20demand%20forecasting%22%20OR%20%22pron%C3%B3stico%20de%20series%20temporales%20de%20demanda%22%29%20AND%20%28%22confusion%20matrix%22%29%20AND%20%28%22accuracy%20recall%22%29"
"U3-TS-010","04_SERIES_TIEMPO","Curvas ROC y Calibración de Umbral","(""electricity demand forecasting"" OR ""pronóstico de series temporales de demanda"") AND (""ROC AUC curve"") AND (""classification threshold"")","Bilingüe (ES/EN)","Investigar Curvas ROC y Calibración de Umbral en el contexto de: modelado estacional y descomposición Holt-Winters/ARIMA en energía","https://scholar.google.com/scholar?q=%28%22electricity%20demand%20forecasting%22%20OR%20%22pron%C3%B3stico%20de%20series%20temporales%20de%20demanda%22%29%20AND%20%28%22ROC%20AUC%20curve%22%29%20AND%20%28%22classification%20threshold%22%29"
"U3-TS-011","04_SERIES_TIEMPO","Análisis de Sensibilidad y Estabilidad","(""electricity demand forecasting"" OR ""pronóstico de series temporales de demanda"") AND (""sensitivity analysis"") AND (""model stability"")","Bilingüe (ES/EN)","Investigar Análisis de Sensibilidad y Estabilidad en el contexto de: modelado estacional y descomposición Holt-Winters/ARIMA en energía","https://scholar.google.com/scholar?q=%28%22electricity%20demand%20forecasting%22%20OR%20%22pron%C3%B3stico%20de%20series%20temporales%20de%20demanda%22%29%20AND%20%28%22sensitivity%20analysis%22%29%20AND%20%28%22model%20stability%22%29"
"U3-TS-012","04_SERIES_TIEMPO","Visualización Diagnóstica de Resultados","(""electricity demand forecasting"" OR ""pronóstico de series temporales de demanda"") AND (""diagnostic plots"") AND (""visual analytics"")","Bilingüe (ES/EN)","Investigar Visualización Diagnóstica de Resultados en el contexto de: modelado estacional y descomposición Holt-Winters/ARIMA en energía","https://scholar.google.com/scholar?q=%28%22electricity%20demand%20forecasting%22%20OR%20%22pron%C3%B3stico%20de%20series%20temporales%20de%20demanda%22%29%20AND%20%28%22diagnostic%20plots%22%29%20AND%20%28%22visual%20analytics%22%29"
"U3-TS-013","04_SERIES_TIEMPO","Comparación con Modelos de Referencia","(""electricity demand forecasting"" OR ""pronóstico de series temporales de demanda"") AND (""baseline comparison"") AND (""performance benchmark"")","Bilingüe (ES/EN)","Investigar Comparación con Modelos de Referencia en el contexto de: modelado estacional y descomposición Holt-Winters/ARIMA en energía","https://scholar.google.com/scholar?q=%28%22electricity%20demand%20forecasting%22%20OR%20%22pron%C3%B3stico%20de%20series%20temporales%20de%20demanda%22%29%20AND%20%28%22baseline%20comparison%22%29%20AND%20%28%22performance%20benchmark%22%29"
"U3-TS-014","04_SERIES_TIEMPO","Interpretación y Reglas Extraídas","(""electricity demand forecasting"" OR ""pronóstico de series temporales de demanda"") AND (""interpretation rules"") AND (""explainable AI"")","Bilingüe (ES/EN)","Investigar Interpretación y Reglas Extraídas en el contexto de: modelado estacional y descomposición Holt-Winters/ARIMA en energía","https://scholar.google.com/scholar?q=%28%22electricity%20demand%20forecasting%22%20OR%20%22pron%C3%B3stico%20de%20series%20temporales%20de%20demanda%22%29%20AND%20%28%22interpretation%20rules%22%29%20AND%20%28%22explainable%20AI%22%29"
"U3-TS-015","04_SERIES_TIEMPO","Despliegue y Validación Fuera de Muestra","(""electricity demand forecasting"" OR ""pronóstico de series temporales de demanda"") AND (""out-of-sample deployment"") AND (""reproducibility"")","Bilingüe (ES/EN)","Investigar Despliegue y Validación Fuera de Muestra en el contexto de: modelado estacional y descomposición Holt-Winters/ARIMA en energía","https://scholar.google.com/scholar?q=%28%22electricity%20demand%20forecasting%22%20OR%20%22pron%C3%B3stico%20de%20series%20temporales%20de%20demanda%22%29%20AND%20%28%22out-of-sample%20deployment%22%29%20AND%20%28%22reproducibility%22%29"
"U3-ASO-001","05_ASOCIACION_DEPENDENCIA","Fundamentación Empírica del Problema","(""association rules market basket"" OR ""reglas de asociación en compras"") AND (""empirical application"") AND (""data mining"")","Bilingüe (ES/EN)","Investigar Fundamentación Empírica del Problema en el contexto de: minería de patrones frecuentes de canasta mediante soporte, confianza y lift","https://scholar.google.com/scholar?q=%28%22association%20rules%20market%20basket%22%20OR%20%22reglas%20de%20asociaci%C3%B3n%20en%20compras%22%29%20AND%20%28%22empirical%20application%22%29%20AND%20%28%22data%20mining%22%29"
"U3-ASO-002","05_ASOCIACION_DEPENDENCIA","Caracterización del Dataset Público","(""association rules market basket"" OR ""reglas de asociación en compras"") AND (""public benchmark dataset"") AND (""machine learning"")","Bilingüe (ES/EN)","Investigar Caracterización del Dataset Público en el contexto de: minería de patrones frecuentes de canasta mediante soporte, confianza y lift","https://scholar.google.com/scholar?q=%28%22association%20rules%20market%20basket%22%20OR%20%22reglas%20de%20asociaci%C3%B3n%20en%20compras%22%29%20AND%20%28%22public%20benchmark%20dataset%22%29%20AND%20%28%22machine%20learning%22%29"
"U3-ASO-003","05_ASOCIACION_DEPENDENCIA","Preprocesamiento y Limpieza de Variables","(""association rules market basket"" OR ""reglas de asociación en compras"") AND (""preprocessing"") AND (""data cleaning"")","Bilingüe (ES/EN)","Investigar Preprocesamiento y Limpieza de Variables en el contexto de: minería de patrones frecuentes de canasta mediante soporte, confianza y lift","https://scholar.google.com/scholar?q=%28%22association%20rules%20market%20basket%22%20OR%20%22reglas%20de%20asociaci%C3%B3n%20en%20compras%22%29%20AND%20%28%22preprocessing%22%29%20AND%20%28%22data%20cleaning%22%29"
"U3-ASO-004","05_ASOCIACION_DEPENDENCIA","Tratamiento de Valores Perdidos y Outliers","(""association rules market basket"" OR ""reglas de asociación en compras"") AND (""missing data and outliers"") AND (""robust statistics"")","Bilingüe (ES/EN)","Investigar Tratamiento de Valores Perdidos y Outliers en el contexto de: minería de patrones frecuentes de canasta mediante soporte, confianza y lift","https://scholar.google.com/scholar?q=%28%22association%20rules%20market%20basket%22%20OR%20%22reglas%20de%20asociaci%C3%B3n%20en%20compras%22%29%20AND%20%28%22missing%20data%20and%20outliers%22%29%20AND%20%28%22robust%20statistics%22%29"
"U3-ASO-005","05_ASOCIACION_DEPENDENCIA","Ingeniería y Selección de Características","(""association rules market basket"" OR ""reglas de asociación en compras"") AND (""feature engineering"") AND (""predictive variables"")","Bilingüe (ES/EN)","Investigar Ingeniería y Selección de Características en el contexto de: minería de patrones frecuentes de canasta mediante soporte, confianza y lift","https://scholar.google.com/scholar?q=%28%22association%20rules%20market%20basket%22%20OR%20%22reglas%20de%20asociaci%C3%B3n%20en%20compras%22%29%20AND%20%28%22feature%20engineering%22%29%20AND%20%28%22predictive%20variables%22%29"
"U3-ASO-006","05_ASOCIACION_DEPENDENCIA","Entrenamiento del Modelo Principal","(""association rules market basket"" OR ""reglas de asociación en compras"") AND (""model training"") AND (""algorithm"")","Bilingüe (ES/EN)","Investigar Entrenamiento del Modelo Principal en el contexto de: minería de patrones frecuentes de canasta mediante soporte, confianza y lift","https://scholar.google.com/scholar?q=%28%22association%20rules%20market%20basket%22%20OR%20%22reglas%20de%20asociaci%C3%B3n%20en%20compras%22%29%20AND%20%28%22model%20training%22%29%20AND%20%28%22algorithm%22%29"
"U3-ASO-007","05_ASOCIACION_DEPENDENCIA","Optimización de Hiperparámetros","(""association rules market basket"" OR ""reglas de asociación en compras"") AND (""hyperparameter tuning"") AND (""grid search"")","Bilingüe (ES/EN)","Investigar Optimización de Hiperparámetros en el contexto de: minería de patrones frecuentes de canasta mediante soporte, confianza y lift","https://scholar.google.com/scholar?q=%28%22association%20rules%20market%20basket%22%20OR%20%22reglas%20de%20asociaci%C3%B3n%20en%20compras%22%29%20AND%20%28%22hyperparameter%20tuning%22%29%20AND%20%28%22grid%20search%22%29"
"U3-ASO-008","05_ASOCIACION_DEPENDENCIA","Validación Cruzada y Resampleo","(""association rules market basket"" OR ""reglas de asociación en compras"") AND (""cross-validation"") AND (""k-fold"")","Bilingüe (ES/EN)","Investigar Validación Cruzada y Resampleo en el contexto de: minería de patrones frecuentes de canasta mediante soporte, confianza y lift","https://scholar.google.com/scholar?q=%28%22association%20rules%20market%20basket%22%20OR%20%22reglas%20de%20asociaci%C3%B3n%20en%20compras%22%29%20AND%20%28%22cross-validation%22%29%20AND%20%28%22k-fold%22%29"
"U3-ASO-009","05_ASOCIACION_DEPENDENCIA","Evaluación mediante Matriz de Confusión","(""association rules market basket"" OR ""reglas de asociación en compras"") AND (""confusion matrix"") AND (""accuracy recall"")","Bilingüe (ES/EN)","Investigar Evaluación mediante Matriz de Confusión en el contexto de: minería de patrones frecuentes de canasta mediante soporte, confianza y lift","https://scholar.google.com/scholar?q=%28%22association%20rules%20market%20basket%22%20OR%20%22reglas%20de%20asociaci%C3%B3n%20en%20compras%22%29%20AND%20%28%22confusion%20matrix%22%29%20AND%20%28%22accuracy%20recall%22%29"
"U3-ASO-010","05_ASOCIACION_DEPENDENCIA","Curvas ROC y Calibración de Umbral","(""association rules market basket"" OR ""reglas de asociación en compras"") AND (""ROC AUC curve"") AND (""classification threshold"")","Bilingüe (ES/EN)","Investigar Curvas ROC y Calibración de Umbral en el contexto de: minería de patrones frecuentes de canasta mediante soporte, confianza y lift","https://scholar.google.com/scholar?q=%28%22association%20rules%20market%20basket%22%20OR%20%22reglas%20de%20asociaci%C3%B3n%20en%20compras%22%29%20AND%20%28%22ROC%20AUC%20curve%22%29%20AND%20%28%22classification%20threshold%22%29"
"U3-ASO-011","05_ASOCIACION_DEPENDENCIA","Análisis de Sensibilidad y Estabilidad","(""association rules market basket"" OR ""reglas de asociación en compras"") AND (""sensitivity analysis"") AND (""model stability"")","Bilingüe (ES/EN)","Investigar Análisis de Sensibilidad y Estabilidad en el contexto de: minería de patrones frecuentes de canasta mediante soporte, confianza y lift","https://scholar.google.com/scholar?q=%28%22association%20rules%20market%20basket%22%20OR%20%22reglas%20de%20asociaci%C3%B3n%20en%20compras%22%29%20AND%20%28%22sensitivity%20analysis%22%29%20AND%20%28%22model%20stability%22%29"
"U3-ASO-012","05_ASOCIACION_DEPENDENCIA","Visualización Diagnóstica de Resultados","(""association rules market basket"" OR ""reglas de asociación en compras"") AND (""diagnostic plots"") AND (""visual analytics"")","Bilingüe (ES/EN)","Investigar Visualización Diagnóstica de Resultados en el contexto de: minería de patrones frecuentes de canasta mediante soporte, confianza y lift","https://scholar.google.com/scholar?q=%28%22association%20rules%20market%20basket%22%20OR%20%22reglas%20de%20asociaci%C3%B3n%20en%20compras%22%29%20AND%20%28%22diagnostic%20plots%22%29%20AND%20%28%22visual%20analytics%22%29"
"U3-ASO-013","05_ASOCIACION_DEPENDENCIA","Comparación con Modelos de Referencia","(""association rules market basket"" OR ""reglas de asociación en compras"") AND (""baseline comparison"") AND (""performance benchmark"")","Bilingüe (ES/EN)","Investigar Comparación con Modelos de Referencia en el contexto de: minería de patrones frecuentes de canasta mediante soporte, confianza y lift","https://scholar.google.com/scholar?q=%28%22association%20rules%20market%20basket%22%20OR%20%22reglas%20de%20asociaci%C3%B3n%20en%20compras%22%29%20AND%20%28%22baseline%20comparison%22%29%20AND%20%28%22performance%20benchmark%22%29"
"U3-ASO-014","05_ASOCIACION_DEPENDENCIA","Interpretación y Reglas Extraídas","(""association rules market basket"" OR ""reglas de asociación en compras"") AND (""interpretation rules"") AND (""explainable AI"")","Bilingüe (ES/EN)","Investigar Interpretación y Reglas Extraídas en el contexto de: minería de patrones frecuentes de canasta mediante soporte, confianza y lift","https://scholar.google.com/scholar?q=%28%22association%20rules%20market%20basket%22%20OR%20%22reglas%20de%20asociaci%C3%B3n%20en%20compras%22%29%20AND%20%28%22interpretation%20rules%22%29%20AND%20%28%22explainable%20AI%22%29"
"U3-ASO-015","05_ASOCIACION_DEPENDENCIA","Despliegue y Validación Fuera de Muestra","(""association rules market basket"" OR ""reglas de asociación en compras"") AND (""out-of-sample deployment"") AND (""reproducibility"")","Bilingüe (ES/EN)","Investigar Despliegue y Validación Fuera de Muestra en el contexto de: minería de patrones frecuentes de canasta mediante soporte, confianza y lift","https://scholar.google.com/scholar?q=%28%22association%20rules%20market%20basket%22%20OR%20%22reglas%20de%20asociaci%C3%B3n%20en%20compras%22%29%20AND%20%28%22out-of-sample%20deployment%22%29%20AND%20%28%22reproducibility%22%29"
"U3-VAL-001","06_VALIDACION_DATOS","Fundamentación Empírica del Problema","(""data cleaning validation"" OR ""limpieza y detección de errores en datos"") AND (""empirical application"") AND (""data mining"")","Bilingüe (ES/EN)","Investigar Fundamentación Empírica del Problema en el contexto de: certificación de calidad de datos, detección de outliers e imputación","https://scholar.google.com/scholar?q=%28%22data%20cleaning%20validation%22%20OR%20%22limpieza%20y%20detecci%C3%B3n%20de%20errores%20en%20datos%22%29%20AND%20%28%22empirical%20application%22%29%20AND%20%28%22data%20mining%22%29"
"U3-VAL-002","06_VALIDACION_DATOS","Caracterización del Dataset Público","(""data cleaning validation"" OR ""limpieza y detección de errores en datos"") AND (""public benchmark dataset"") AND (""machine learning"")","Bilingüe (ES/EN)","Investigar Caracterización del Dataset Público en el contexto de: certificación de calidad de datos, detección de outliers e imputación","https://scholar.google.com/scholar?q=%28%22data%20cleaning%20validation%22%20OR%20%22limpieza%20y%20detecci%C3%B3n%20de%20errores%20en%20datos%22%29%20AND%20%28%22public%20benchmark%20dataset%22%29%20AND%20%28%22machine%20learning%22%29"
"U3-VAL-003","06_VALIDACION_DATOS","Preprocesamiento y Limpieza de Variables","(""data cleaning validation"" OR ""limpieza y detección de errores en datos"") AND (""preprocessing"") AND (""data cleaning"")","Bilingüe (ES/EN)","Investigar Preprocesamiento y Limpieza de Variables en el contexto de: certificación de calidad de datos, detección de outliers e imputación","https://scholar.google.com/scholar?q=%28%22data%20cleaning%20validation%22%20OR%20%22limpieza%20y%20detecci%C3%B3n%20de%20errores%20en%20datos%22%29%20AND%20%28%22preprocessing%22%29%20AND%20%28%22data%20cleaning%22%29"
"U3-VAL-004","06_VALIDACION_DATOS","Tratamiento de Valores Perdidos y Outliers","(""data cleaning validation"" OR ""limpieza y detección de errores en datos"") AND (""missing data and outliers"") AND (""robust statistics"")","Bilingüe (ES/EN)","Investigar Tratamiento de Valores Perdidos y Outliers en el contexto de: certificación de calidad de datos, detección de outliers e imputación","https://scholar.google.com/scholar?q=%28%22data%20cleaning%20validation%22%20OR%20%22limpieza%20y%20detecci%C3%B3n%20de%20errores%20en%20datos%22%29%20AND%20%28%22missing%20data%20and%20outliers%22%29%20AND%20%28%22robust%20statistics%22%29"
"U3-VAL-005","06_VALIDACION_DATOS","Ingeniería y Selección de Características","(""data cleaning validation"" OR ""limpieza y detección de errores en datos"") AND (""feature engineering"") AND (""predictive variables"")","Bilingüe (ES/EN)","Investigar Ingeniería y Selección de Características en el contexto de: certificación de calidad de datos, detección de outliers e imputación","https://scholar.google.com/scholar?q=%28%22data%20cleaning%20validation%22%20OR%20%22limpieza%20y%20detecci%C3%B3n%20de%20errores%20en%20datos%22%29%20AND%20%28%22feature%20engineering%22%29%20AND%20%28%22predictive%20variables%22%29"
"U3-VAL-006","06_VALIDACION_DATOS","Entrenamiento del Modelo Principal","(""data cleaning validation"" OR ""limpieza y detección de errores en datos"") AND (""model training"") AND (""algorithm"")","Bilingüe (ES/EN)","Investigar Entrenamiento del Modelo Principal en el contexto de: certificación de calidad de datos, detección de outliers e imputación","https://scholar.google.com/scholar?q=%28%22data%20cleaning%20validation%22%20OR%20%22limpieza%20y%20detecci%C3%B3n%20de%20errores%20en%20datos%22%29%20AND%20%28%22model%20training%22%29%20AND%20%28%22algorithm%22%29"
"U3-VAL-007","06_VALIDACION_DATOS","Optimización de Hiperparámetros","(""data cleaning validation"" OR ""limpieza y detección de errores en datos"") AND (""hyperparameter tuning"") AND (""grid search"")","Bilingüe (ES/EN)","Investigar Optimización de Hiperparámetros en el contexto de: certificación de calidad de datos, detección de outliers e imputación","https://scholar.google.com/scholar?q=%28%22data%20cleaning%20validation%22%20OR%20%22limpieza%20y%20detecci%C3%B3n%20de%20errores%20en%20datos%22%29%20AND%20%28%22hyperparameter%20tuning%22%29%20AND%20%28%22grid%20search%22%29"
"U3-VAL-008","06_VALIDACION_DATOS","Validación Cruzada y Resampleo","(""data cleaning validation"" OR ""limpieza y detección de errores en datos"") AND (""cross-validation"") AND (""k-fold"")","Bilingüe (ES/EN)","Investigar Validación Cruzada y Resampleo en el contexto de: certificación de calidad de datos, detección de outliers e imputación","https://scholar.google.com/scholar?q=%28%22data%20cleaning%20validation%22%20OR%20%22limpieza%20y%20detecci%C3%B3n%20de%20errores%20en%20datos%22%29%20AND%20%28%22cross-validation%22%29%20AND%20%28%22k-fold%22%29"
"U3-VAL-009","06_VALIDACION_DATOS","Evaluación mediante Matriz de Confusión","(""data cleaning validation"" OR ""limpieza y detección de errores en datos"") AND (""confusion matrix"") AND (""accuracy recall"")","Bilingüe (ES/EN)","Investigar Evaluación mediante Matriz de Confusión en el contexto de: certificación de calidad de datos, detección de outliers e imputación","https://scholar.google.com/scholar?q=%28%22data%20cleaning%20validation%22%20OR%20%22limpieza%20y%20detecci%C3%B3n%20de%20errores%20en%20datos%22%29%20AND%20%28%22confusion%20matrix%22%29%20AND%20%28%22accuracy%20recall%22%29"
"U3-VAL-010","06_VALIDACION_DATOS","Curvas ROC y Calibración de Umbral","(""data cleaning validation"" OR ""limpieza y detección de errores en datos"") AND (""ROC AUC curve"") AND (""classification threshold"")","Bilingüe (ES/EN)","Investigar Curvas ROC y Calibración de Umbral en el contexto de: certificación de calidad de datos, detección de outliers e imputación","https://scholar.google.com/scholar?q=%28%22data%20cleaning%20validation%22%20OR%20%22limpieza%20y%20detecci%C3%B3n%20de%20errores%20en%20datos%22%29%20AND%20%28%22ROC%20AUC%20curve%22%29%20AND%20%28%22classification%20threshold%22%29"
"U3-VAL-011","06_VALIDACION_DATOS","Análisis de Sensibilidad y Estabilidad","(""data cleaning validation"" OR ""limpieza y detección de errores en datos"") AND (""sensitivity analysis"") AND (""model stability"")","Bilingüe (ES/EN)","Investigar Análisis de Sensibilidad y Estabilidad en el contexto de: certificación de calidad de datos, detección de outliers e imputación","https://scholar.google.com/scholar?q=%28%22data%20cleaning%20validation%22%20OR%20%22limpieza%20y%20detecci%C3%B3n%20de%20errores%20en%20datos%22%29%20AND%20%28%22sensitivity%20analysis%22%29%20AND%20%28%22model%20stability%22%29"
"U3-VAL-012","06_VALIDACION_DATOS","Visualización Diagnóstica de Resultados","(""data cleaning validation"" OR ""limpieza y detección de errores en datos"") AND (""diagnostic plots"") AND (""visual analytics"")","Bilingüe (ES/EN)","Investigar Visualización Diagnóstica de Resultados en el contexto de: certificación de calidad de datos, detección de outliers e imputación","https://scholar.google.com/scholar?q=%28%22data%20cleaning%20validation%22%20OR%20%22limpieza%20y%20detecci%C3%B3n%20de%20errores%20en%20datos%22%29%20AND%20%28%22diagnostic%20plots%22%29%20AND%20%28%22visual%20analytics%22%29"
"U3-VAL-013","06_VALIDACION_DATOS","Comparación con Modelos de Referencia","(""data cleaning validation"" OR ""limpieza y detección de errores en datos"") AND (""baseline comparison"") AND (""performance benchmark"")","Bilingüe (ES/EN)","Investigar Comparación con Modelos de Referencia en el contexto de: certificación de calidad de datos, detección de outliers e imputación","https://scholar.google.com/scholar?q=%28%22data%20cleaning%20validation%22%20OR%20%22limpieza%20y%20detecci%C3%B3n%20de%20errores%20en%20datos%22%29%20AND%20%28%22baseline%20comparison%22%29%20AND%20%28%22performance%20benchmark%22%29"
"U3-VAL-014","06_VALIDACION_DATOS","Interpretación y Reglas Extraídas","(""data cleaning validation"" OR ""limpieza y detección de errores en datos"") AND (""interpretation rules"") AND (""explainable AI"")","Bilingüe (ES/EN)","Investigar Interpretación y Reglas Extraídas en el contexto de: certificación de calidad de datos, detección de outliers e imputación","https://scholar.google.com/scholar?q=%28%22data%20cleaning%20validation%22%20OR%20%22limpieza%20y%20detecci%C3%B3n%20de%20errores%20en%20datos%22%29%20AND%20%28%22interpretation%20rules%22%29%20AND%20%28%22explainable%20AI%22%29"
"U3-VAL-015","06_VALIDACION_DATOS","Despliegue y Validación Fuera de Muestra","(""data cleaning validation"" OR ""limpieza y detección de errores en datos"") AND (""out-of-sample deployment"") AND (""reproducibility"")","Bilingüe (ES/EN)","Investigar Despliegue y Validación Fuera de Muestra en el contexto de: certificación de calidad de datos, detección de outliers e imputación","https://scholar.google.com/scholar?q=%28%22data%20cleaning%20validation%22%20OR%20%22limpieza%20y%20detecci%C3%B3n%20de%20errores%20en%20datos%22%29%20AND%20%28%22out-of-sample%20deployment%22%29%20AND%20%28%22reproducibility%22%29"
"U3-INT-001","07_INTEGRACION_PARTICION_DATOS","Fundamentación Empírica del Problema","(""data integration relational"" OR ""integración y partición estratificada"") AND (""empirical application"") AND (""data mining"")","Bilingüe (ES/EN)","Investigar Fundamentación Empírica del Problema en el contexto de: fusión relacional multifuente, muestreo estratificado y validación cruzada","https://scholar.google.com/scholar?q=%28%22data%20integration%20relational%22%20OR%20%22integraci%C3%B3n%20y%20partici%C3%B3n%20estratificada%22%29%20AND%20%28%22empirical%20application%22%29%20AND%20%28%22data%20mining%22%29"
"U3-INT-002","07_INTEGRACION_PARTICION_DATOS","Caracterización del Dataset Público","(""data integration relational"" OR ""integración y partición estratificada"") AND (""public benchmark dataset"") AND (""machine learning"")","Bilingüe (ES/EN)","Investigar Caracterización del Dataset Público en el contexto de: fusión relacional multifuente, muestreo estratificado y validación cruzada","https://scholar.google.com/scholar?q=%28%22data%20integration%20relational%22%20OR%20%22integraci%C3%B3n%20y%20partici%C3%B3n%20estratificada%22%29%20AND%20%28%22public%20benchmark%20dataset%22%29%20AND%20%28%22machine%20learning%22%29"
"U3-INT-003","07_INTEGRACION_PARTICION_DATOS","Preprocesamiento y Limpieza de Variables","(""data integration relational"" OR ""integración y partición estratificada"") AND (""preprocessing"") AND (""data cleaning"")","Bilingüe (ES/EN)","Investigar Preprocesamiento y Limpieza de Variables en el contexto de: fusión relacional multifuente, muestreo estratificado y validación cruzada","https://scholar.google.com/scholar?q=%28%22data%20integration%20relational%22%20OR%20%22integraci%C3%B3n%20y%20partici%C3%B3n%20estratificada%22%29%20AND%20%28%22preprocessing%22%29%20AND%20%28%22data%20cleaning%22%29"
"U3-INT-004","07_INTEGRACION_PARTICION_DATOS","Tratamiento de Valores Perdidos y Outliers","(""data integration relational"" OR ""integración y partición estratificada"") AND (""missing data and outliers"") AND (""robust statistics"")","Bilingüe (ES/EN)","Investigar Tratamiento de Valores Perdidos y Outliers en el contexto de: fusión relacional multifuente, muestreo estratificado y validación cruzada","https://scholar.google.com/scholar?q=%28%22data%20integration%20relational%22%20OR%20%22integraci%C3%B3n%20y%20partici%C3%B3n%20estratificada%22%29%20AND%20%28%22missing%20data%20and%20outliers%22%29%20AND%20%28%22robust%20statistics%22%29"
"U3-INT-005","07_INTEGRACION_PARTICION_DATOS","Ingeniería y Selección de Características","(""data integration relational"" OR ""integración y partición estratificada"") AND (""feature engineering"") AND (""predictive variables"")","Bilingüe (ES/EN)","Investigar Ingeniería y Selección de Características en el contexto de: fusión relacional multifuente, muestreo estratificado y validación cruzada","https://scholar.google.com/scholar?q=%28%22data%20integration%20relational%22%20OR%20%22integraci%C3%B3n%20y%20partici%C3%B3n%20estratificada%22%29%20AND%20%28%22feature%20engineering%22%29%20AND%20%28%22predictive%20variables%22%29"
"U3-INT-006","07_INTEGRACION_PARTICION_DATOS","Entrenamiento del Modelo Principal","(""data integration relational"" OR ""integración y partición estratificada"") AND (""model training"") AND (""algorithm"")","Bilingüe (ES/EN)","Investigar Entrenamiento del Modelo Principal en el contexto de: fusión relacional multifuente, muestreo estratificado y validación cruzada","https://scholar.google.com/scholar?q=%28%22data%20integration%20relational%22%20OR%20%22integraci%C3%B3n%20y%20partici%C3%B3n%20estratificada%22%29%20AND%20%28%22model%20training%22%29%20AND%20%28%22algorithm%22%29"
"U3-INT-007","07_INTEGRACION_PARTICION_DATOS","Optimización de Hiperparámetros","(""data integration relational"" OR ""integración y partición estratificada"") AND (""hyperparameter tuning"") AND (""grid search"")","Bilingüe (ES/EN)","Investigar Optimización de Hiperparámetros en el contexto de: fusión relacional multifuente, muestreo estratificado y validación cruzada","https://scholar.google.com/scholar?q=%28%22data%20integration%20relational%22%20OR%20%22integraci%C3%B3n%20y%20partici%C3%B3n%20estratificada%22%29%20AND%20%28%22hyperparameter%20tuning%22%29%20AND%20%28%22grid%20search%22%29"
"U3-INT-008","07_INTEGRACION_PARTICION_DATOS","Validación Cruzada y Resampleo","(""data integration relational"" OR ""integración y partición estratificada"") AND (""cross-validation"") AND (""k-fold"")","Bilingüe (ES/EN)","Investigar Validación Cruzada y Resampleo en el contexto de: fusión relacional multifuente, muestreo estratificado y validación cruzada","https://scholar.google.com/scholar?q=%28%22data%20integration%20relational%22%20OR%20%22integraci%C3%B3n%20y%20partici%C3%B3n%20estratificada%22%29%20AND%20%28%22cross-validation%22%29%20AND%20%28%22k-fold%22%29"
"U3-INT-009","07_INTEGRACION_PARTICION_DATOS","Evaluación mediante Matriz de Confusión","(""data integration relational"" OR ""integración y partición estratificada"") AND (""confusion matrix"") AND (""accuracy recall"")","Bilingüe (ES/EN)","Investigar Evaluación mediante Matriz de Confusión en el contexto de: fusión relacional multifuente, muestreo estratificado y validación cruzada","https://scholar.google.com/scholar?q=%28%22data%20integration%20relational%22%20OR%20%22integraci%C3%B3n%20y%20partici%C3%B3n%20estratificada%22%29%20AND%20%28%22confusion%20matrix%22%29%20AND%20%28%22accuracy%20recall%22%29"
"U3-INT-010","07_INTEGRACION_PARTICION_DATOS","Curvas ROC y Calibración de Umbral","(""data integration relational"" OR ""integración y partición estratificada"") AND (""ROC AUC curve"") AND (""classification threshold"")","Bilingüe (ES/EN)","Investigar Curvas ROC y Calibración de Umbral en el contexto de: fusión relacional multifuente, muestreo estratificado y validación cruzada","https://scholar.google.com/scholar?q=%28%22data%20integration%20relational%22%20OR%20%22integraci%C3%B3n%20y%20partici%C3%B3n%20estratificada%22%29%20AND%20%28%22ROC%20AUC%20curve%22%29%20AND%20%28%22classification%20threshold%22%29"
"U3-INT-011","07_INTEGRACION_PARTICION_DATOS","Análisis de Sensibilidad y Estabilidad","(""data integration relational"" OR ""integración y partición estratificada"") AND (""sensitivity analysis"") AND (""model stability"")","Bilingüe (ES/EN)","Investigar Análisis de Sensibilidad y Estabilidad en el contexto de: fusión relacional multifuente, muestreo estratificado y validación cruzada","https://scholar.google.com/scholar?q=%28%22data%20integration%20relational%22%20OR%20%22integraci%C3%B3n%20y%20partici%C3%B3n%20estratificada%22%29%20AND%20%28%22sensitivity%20analysis%22%29%20AND%20%28%22model%20stability%22%29"
"U3-INT-012","07_INTEGRACION_PARTICION_DATOS","Visualización Diagnóstica de Resultados","(""data integration relational"" OR ""integración y partición estratificada"") AND (""diagnostic plots"") AND (""visual analytics"")","Bilingüe (ES/EN)","Investigar Visualización Diagnóstica de Resultados en el contexto de: fusión relacional multifuente, muestreo estratificado y validación cruzada","https://scholar.google.com/scholar?q=%28%22data%20integration%20relational%22%20OR%20%22integraci%C3%B3n%20y%20partici%C3%B3n%20estratificada%22%29%20AND%20%28%22diagnostic%20plots%22%29%20AND%20%28%22visual%20analytics%22%29"
"U3-INT-013","07_INTEGRACION_PARTICION_DATOS","Comparación con Modelos de Referencia","(""data integration relational"" OR ""integración y partición estratificada"") AND (""baseline comparison"") AND (""performance benchmark"")","Bilingüe (ES/EN)","Investigar Comparación con Modelos de Referencia en el contexto de: fusión relacional multifuente, muestreo estratificado y validación cruzada","https://scholar.google.com/scholar?q=%28%22data%20integration%20relational%22%20OR%20%22integraci%C3%B3n%20y%20partici%C3%B3n%20estratificada%22%29%20AND%20%28%22baseline%20comparison%22%29%20AND%20%28%22performance%20benchmark%22%29"
"U3-INT-014","07_INTEGRACION_PARTICION_DATOS","Interpretación y Reglas Extraídas","(""data integration relational"" OR ""integración y partición estratificada"") AND (""interpretation rules"") AND (""explainable AI"")","Bilingüe (ES/EN)","Investigar Interpretación y Reglas Extraídas en el contexto de: fusión relacional multifuente, muestreo estratificado y validación cruzada","https://scholar.google.com/scholar?q=%28%22data%20integration%20relational%22%20OR%20%22integraci%C3%B3n%20y%20partici%C3%B3n%20estratificada%22%29%20AND%20%28%22interpretation%20rules%22%29%20AND%20%28%22explainable%20AI%22%29"
"U3-INT-015","07_INTEGRACION_PARTICION_DATOS","Despliegue y Validación Fuera de Muestra","(""data integration relational"" OR ""integración y partición estratificada"") AND (""out-of-sample deployment"") AND (""reproducibility"")","Bilingüe (ES/EN)","Investigar Despliegue y Validación Fuera de Muestra en el contexto de: fusión relacional multifuente, muestreo estratificado y validación cruzada","https://scholar.google.com/scholar?q=%28%22data%20integration%20relational%22%20OR%20%22integraci%C3%B3n%20y%20partici%C3%B3n%20estratificada%22%29%20AND%20%28%22out-of-sample%20deployment%22%29%20AND%20%28%22reproducibility%22%29"
"U4-SEL-001","01_SELECCION_BASE_DATOS","Fundamentación Empírica del Problema","(""higher education dropout dataset"" OR ""selección de base de datos de deserción"") AND (""empirical application"") AND (""data mining"")","Bilingüe (ES/EN)","Investigar Fundamentación Empírica del Problema en el contexto de: justificación institucional y caracterización del benchmark de educación superior","https://scholar.google.com/scholar?q=%28%22higher%20education%20dropout%20dataset%22%20OR%20%22selecci%C3%B3n%20de%20base%20de%20datos%20de%20deserci%C3%B3n%22%29%20AND%20%28%22empirical%20application%22%29%20AND%20%28%22data%20mining%22%29"
"U4-SEL-002","01_SELECCION_BASE_DATOS","Caracterización del Dataset Público","(""higher education dropout dataset"" OR ""selección de base de datos de deserción"") AND (""public benchmark dataset"") AND (""machine learning"")","Bilingüe (ES/EN)","Investigar Caracterización del Dataset Público en el contexto de: justificación institucional y caracterización del benchmark de educación superior","https://scholar.google.com/scholar?q=%28%22higher%20education%20dropout%20dataset%22%20OR%20%22selecci%C3%B3n%20de%20base%20de%20datos%20de%20deserci%C3%B3n%22%29%20AND%20%28%22public%20benchmark%20dataset%22%29%20AND%20%28%22machine%20learning%22%29"
"U4-SEL-003","01_SELECCION_BASE_DATOS","Preprocesamiento y Limpieza de Variables","(""higher education dropout dataset"" OR ""selección de base de datos de deserción"") AND (""preprocessing"") AND (""data cleaning"")","Bilingüe (ES/EN)","Investigar Preprocesamiento y Limpieza de Variables en el contexto de: justificación institucional y caracterización del benchmark de educación superior","https://scholar.google.com/scholar?q=%28%22higher%20education%20dropout%20dataset%22%20OR%20%22selecci%C3%B3n%20de%20base%20de%20datos%20de%20deserci%C3%B3n%22%29%20AND%20%28%22preprocessing%22%29%20AND%20%28%22data%20cleaning%22%29"
"U4-SEL-004","01_SELECCION_BASE_DATOS","Tratamiento de Valores Perdidos y Outliers","(""higher education dropout dataset"" OR ""selección de base de datos de deserción"") AND (""missing data and outliers"") AND (""robust statistics"")","Bilingüe (ES/EN)","Investigar Tratamiento de Valores Perdidos y Outliers en el contexto de: justificación institucional y caracterización del benchmark de educación superior","https://scholar.google.com/scholar?q=%28%22higher%20education%20dropout%20dataset%22%20OR%20%22selecci%C3%B3n%20de%20base%20de%20datos%20de%20deserci%C3%B3n%22%29%20AND%20%28%22missing%20data%20and%20outliers%22%29%20AND%20%28%22robust%20statistics%22%29"
"U4-SEL-005","01_SELECCION_BASE_DATOS","Ingeniería y Selección de Características","(""higher education dropout dataset"" OR ""selección de base de datos de deserción"") AND (""feature engineering"") AND (""predictive variables"")","Bilingüe (ES/EN)","Investigar Ingeniería y Selección de Características en el contexto de: justificación institucional y caracterización del benchmark de educación superior","https://scholar.google.com/scholar?q=%28%22higher%20education%20dropout%20dataset%22%20OR%20%22selecci%C3%B3n%20de%20base%20de%20datos%20de%20deserci%C3%B3n%22%29%20AND%20%28%22feature%20engineering%22%29%20AND%20%28%22predictive%20variables%22%29"
"U4-SEL-006","01_SELECCION_BASE_DATOS","Entrenamiento del Modelo Principal","(""higher education dropout dataset"" OR ""selección de base de datos de deserción"") AND (""model training"") AND (""algorithm"")","Bilingüe (ES/EN)","Investigar Entrenamiento del Modelo Principal en el contexto de: justificación institucional y caracterización del benchmark de educación superior","https://scholar.google.com/scholar?q=%28%22higher%20education%20dropout%20dataset%22%20OR%20%22selecci%C3%B3n%20de%20base%20de%20datos%20de%20deserci%C3%B3n%22%29%20AND%20%28%22model%20training%22%29%20AND%20%28%22algorithm%22%29"
"U4-SEL-007","01_SELECCION_BASE_DATOS","Optimización de Hiperparámetros","(""higher education dropout dataset"" OR ""selección de base de datos de deserción"") AND (""hyperparameter tuning"") AND (""grid search"")","Bilingüe (ES/EN)","Investigar Optimización de Hiperparámetros en el contexto de: justificación institucional y caracterización del benchmark de educación superior","https://scholar.google.com/scholar?q=%28%22higher%20education%20dropout%20dataset%22%20OR%20%22selecci%C3%B3n%20de%20base%20de%20datos%20de%20deserci%C3%B3n%22%29%20AND%20%28%22hyperparameter%20tuning%22%29%20AND%20%28%22grid%20search%22%29"
"U4-SEL-008","01_SELECCION_BASE_DATOS","Validación Cruzada y Resampleo","(""higher education dropout dataset"" OR ""selección de base de datos de deserción"") AND (""cross-validation"") AND (""k-fold"")","Bilingüe (ES/EN)","Investigar Validación Cruzada y Resampleo en el contexto de: justificación institucional y caracterización del benchmark de educación superior","https://scholar.google.com/scholar?q=%28%22higher%20education%20dropout%20dataset%22%20OR%20%22selecci%C3%B3n%20de%20base%20de%20datos%20de%20deserci%C3%B3n%22%29%20AND%20%28%22cross-validation%22%29%20AND%20%28%22k-fold%22%29"
"U4-SEL-009","01_SELECCION_BASE_DATOS","Evaluación mediante Matriz de Confusión","(""higher education dropout dataset"" OR ""selección de base de datos de deserción"") AND (""confusion matrix"") AND (""accuracy recall"")","Bilingüe (ES/EN)","Investigar Evaluación mediante Matriz de Confusión en el contexto de: justificación institucional y caracterización del benchmark de educación superior","https://scholar.google.com/scholar?q=%28%22higher%20education%20dropout%20dataset%22%20OR%20%22selecci%C3%B3n%20de%20base%20de%20datos%20de%20deserci%C3%B3n%22%29%20AND%20%28%22confusion%20matrix%22%29%20AND%20%28%22accuracy%20recall%22%29"
"U4-SEL-010","01_SELECCION_BASE_DATOS","Curvas ROC y Calibración de Umbral","(""higher education dropout dataset"" OR ""selección de base de datos de deserción"") AND (""ROC AUC curve"") AND (""classification threshold"")","Bilingüe (ES/EN)","Investigar Curvas ROC y Calibración de Umbral en el contexto de: justificación institucional y caracterización del benchmark de educación superior","https://scholar.google.com/scholar?q=%28%22higher%20education%20dropout%20dataset%22%20OR%20%22selecci%C3%B3n%20de%20base%20de%20datos%20de%20deserci%C3%B3n%22%29%20AND%20%28%22ROC%20AUC%20curve%22%29%20AND%20%28%22classification%20threshold%22%29"
"U4-SEL-011","01_SELECCION_BASE_DATOS","Análisis de Sensibilidad y Estabilidad","(""higher education dropout dataset"" OR ""selección de base de datos de deserción"") AND (""sensitivity analysis"") AND (""model stability"")","Bilingüe (ES/EN)","Investigar Análisis de Sensibilidad y Estabilidad en el contexto de: justificación institucional y caracterización del benchmark de educación superior","https://scholar.google.com/scholar?q=%28%22higher%20education%20dropout%20dataset%22%20OR%20%22selecci%C3%B3n%20de%20base%20de%20datos%20de%20deserci%C3%B3n%22%29%20AND%20%28%22sensitivity%20analysis%22%29%20AND%20%28%22model%20stability%22%29"
"U4-SEL-012","01_SELECCION_BASE_DATOS","Visualización Diagnóstica de Resultados","(""higher education dropout dataset"" OR ""selección de base de datos de deserción"") AND (""diagnostic plots"") AND (""visual analytics"")","Bilingüe (ES/EN)","Investigar Visualización Diagnóstica de Resultados en el contexto de: justificación institucional y caracterización del benchmark de educación superior","https://scholar.google.com/scholar?q=%28%22higher%20education%20dropout%20dataset%22%20OR%20%22selecci%C3%B3n%20de%20base%20de%20datos%20de%20deserci%C3%B3n%22%29%20AND%20%28%22diagnostic%20plots%22%29%20AND%20%28%22visual%20analytics%22%29"
"U4-SEL-013","01_SELECCION_BASE_DATOS","Comparación con Modelos de Referencia","(""higher education dropout dataset"" OR ""selección de base de datos de deserción"") AND (""baseline comparison"") AND (""performance benchmark"")","Bilingüe (ES/EN)","Investigar Comparación con Modelos de Referencia en el contexto de: justificación institucional y caracterización del benchmark de educación superior","https://scholar.google.com/scholar?q=%28%22higher%20education%20dropout%20dataset%22%20OR%20%22selecci%C3%B3n%20de%20base%20de%20datos%20de%20deserci%C3%B3n%22%29%20AND%20%28%22baseline%20comparison%22%29%20AND%20%28%22performance%20benchmark%22%29"
"U4-SEL-014","01_SELECCION_BASE_DATOS","Interpretación y Reglas Extraídas","(""higher education dropout dataset"" OR ""selección de base de datos de deserción"") AND (""interpretation rules"") AND (""explainable AI"")","Bilingüe (ES/EN)","Investigar Interpretación y Reglas Extraídas en el contexto de: justificación institucional y caracterización del benchmark de educación superior","https://scholar.google.com/scholar?q=%28%22higher%20education%20dropout%20dataset%22%20OR%20%22selecci%C3%B3n%20de%20base%20de%20datos%20de%20deserci%C3%B3n%22%29%20AND%20%28%22interpretation%20rules%22%29%20AND%20%28%22explainable%20AI%22%29"
"U4-SEL-015","01_SELECCION_BASE_DATOS","Despliegue y Validación Fuera de Muestra","(""higher education dropout dataset"" OR ""selección de base de datos de deserción"") AND (""out-of-sample deployment"") AND (""reproducibility"")","Bilingüe (ES/EN)","Investigar Despliegue y Validación Fuera de Muestra en el contexto de: justificación institucional y caracterización del benchmark de educación superior","https://scholar.google.com/scholar?q=%28%22higher%20education%20dropout%20dataset%22%20OR%20%22selecci%C3%B3n%20de%20base%20de%20datos%20de%20deserci%C3%B3n%22%29%20AND%20%28%22out-of-sample%20deployment%22%29%20AND%20%28%22reproducibility%22%29"
"U4-TEC-001","02_APLICACION_TECNICAS","Fundamentación Empírica del Problema","(""comparative machine learning student dropout"" OR ""benchmark multimodelo predicción fracaso escolar"") AND (""empirical application"") AND (""data mining"")","Bilingüe (ES/EN)","Investigar Fundamentación Empírica del Problema en el contexto de: comparativa experimental rigurosa entre CART, Redes Neuronales MLP y GLM","https://scholar.google.com/scholar?q=%28%22comparative%20machine%20learning%20student%20dropout%22%20OR%20%22benchmark%20multimodelo%20predicci%C3%B3n%20fracaso%20escolar%22%29%20AND%20%28%22empirical%20application%22%29%20AND%20%28%22data%20mining%22%29"
"U4-TEC-002","02_APLICACION_TECNICAS","Caracterización del Dataset Público","(""comparative machine learning student dropout"" OR ""benchmark multimodelo predicción fracaso escolar"") AND (""public benchmark dataset"") AND (""machine learning"")","Bilingüe (ES/EN)","Investigar Caracterización del Dataset Público en el contexto de: comparativa experimental rigurosa entre CART, Redes Neuronales MLP y GLM","https://scholar.google.com/scholar?q=%28%22comparative%20machine%20learning%20student%20dropout%22%20OR%20%22benchmark%20multimodelo%20predicci%C3%B3n%20fracaso%20escolar%22%29%20AND%20%28%22public%20benchmark%20dataset%22%29%20AND%20%28%22machine%20learning%22%29"
"U4-TEC-003","02_APLICACION_TECNICAS","Preprocesamiento y Limpieza de Variables","(""comparative machine learning student dropout"" OR ""benchmark multimodelo predicción fracaso escolar"") AND (""preprocessing"") AND (""data cleaning"")","Bilingüe (ES/EN)","Investigar Preprocesamiento y Limpieza de Variables en el contexto de: comparativa experimental rigurosa entre CART, Redes Neuronales MLP y GLM","https://scholar.google.com/scholar?q=%28%22comparative%20machine%20learning%20student%20dropout%22%20OR%20%22benchmark%20multimodelo%20predicci%C3%B3n%20fracaso%20escolar%22%29%20AND%20%28%22preprocessing%22%29%20AND%20%28%22data%20cleaning%22%29"
"U4-TEC-004","02_APLICACION_TECNICAS","Tratamiento de Valores Perdidos y Outliers","(""comparative machine learning student dropout"" OR ""benchmark multimodelo predicción fracaso escolar"") AND (""missing data and outliers"") AND (""robust statistics"")","Bilingüe (ES/EN)","Investigar Tratamiento de Valores Perdidos y Outliers en el contexto de: comparativa experimental rigurosa entre CART, Redes Neuronales MLP y GLM","https://scholar.google.com/scholar?q=%28%22comparative%20machine%20learning%20student%20dropout%22%20OR%20%22benchmark%20multimodelo%20predicci%C3%B3n%20fracaso%20escolar%22%29%20AND%20%28%22missing%20data%20and%20outliers%22%29%20AND%20%28%22robust%20statistics%22%29"
"U4-TEC-005","02_APLICACION_TECNICAS","Ingeniería y Selección de Características","(""comparative machine learning student dropout"" OR ""benchmark multimodelo predicción fracaso escolar"") AND (""feature engineering"") AND (""predictive variables"")","Bilingüe (ES/EN)","Investigar Ingeniería y Selección de Características en el contexto de: comparativa experimental rigurosa entre CART, Redes Neuronales MLP y GLM","https://scholar.google.com/scholar?q=%28%22comparative%20machine%20learning%20student%20dropout%22%20OR%20%22benchmark%20multimodelo%20predicci%C3%B3n%20fracaso%20escolar%22%29%20AND%20%28%22feature%20engineering%22%29%20AND%20%28%22predictive%20variables%22%29"
"U4-TEC-006","02_APLICACION_TECNICAS","Entrenamiento del Modelo Principal","(""comparative machine learning student dropout"" OR ""benchmark multimodelo predicción fracaso escolar"") AND (""model training"") AND (""algorithm"")","Bilingüe (ES/EN)","Investigar Entrenamiento del Modelo Principal en el contexto de: comparativa experimental rigurosa entre CART, Redes Neuronales MLP y GLM","https://scholar.google.com/scholar?q=%28%22comparative%20machine%20learning%20student%20dropout%22%20OR%20%22benchmark%20multimodelo%20predicci%C3%B3n%20fracaso%20escolar%22%29%20AND%20%28%22model%20training%22%29%20AND%20%28%22algorithm%22%29"
"U4-TEC-007","02_APLICACION_TECNICAS","Optimización de Hiperparámetros","(""comparative machine learning student dropout"" OR ""benchmark multimodelo predicción fracaso escolar"") AND (""hyperparameter tuning"") AND (""grid search"")","Bilingüe (ES/EN)","Investigar Optimización de Hiperparámetros en el contexto de: comparativa experimental rigurosa entre CART, Redes Neuronales MLP y GLM","https://scholar.google.com/scholar?q=%28%22comparative%20machine%20learning%20student%20dropout%22%20OR%20%22benchmark%20multimodelo%20predicci%C3%B3n%20fracaso%20escolar%22%29%20AND%20%28%22hyperparameter%20tuning%22%29%20AND%20%28%22grid%20search%22%29"
"U4-TEC-008","02_APLICACION_TECNICAS","Validación Cruzada y Resampleo","(""comparative machine learning student dropout"" OR ""benchmark multimodelo predicción fracaso escolar"") AND (""cross-validation"") AND (""k-fold"")","Bilingüe (ES/EN)","Investigar Validación Cruzada y Resampleo en el contexto de: comparativa experimental rigurosa entre CART, Redes Neuronales MLP y GLM","https://scholar.google.com/scholar?q=%28%22comparative%20machine%20learning%20student%20dropout%22%20OR%20%22benchmark%20multimodelo%20predicci%C3%B3n%20fracaso%20escolar%22%29%20AND%20%28%22cross-validation%22%29%20AND%20%28%22k-fold%22%29"
"U4-TEC-009","02_APLICACION_TECNICAS","Evaluación mediante Matriz de Confusión","(""comparative machine learning student dropout"" OR ""benchmark multimodelo predicción fracaso escolar"") AND (""confusion matrix"") AND (""accuracy recall"")","Bilingüe (ES/EN)","Investigar Evaluación mediante Matriz de Confusión en el contexto de: comparativa experimental rigurosa entre CART, Redes Neuronales MLP y GLM","https://scholar.google.com/scholar?q=%28%22comparative%20machine%20learning%20student%20dropout%22%20OR%20%22benchmark%20multimodelo%20predicci%C3%B3n%20fracaso%20escolar%22%29%20AND%20%28%22confusion%20matrix%22%29%20AND%20%28%22accuracy%20recall%22%29"
"U4-TEC-010","02_APLICACION_TECNICAS","Curvas ROC y Calibración de Umbral","(""comparative machine learning student dropout"" OR ""benchmark multimodelo predicción fracaso escolar"") AND (""ROC AUC curve"") AND (""classification threshold"")","Bilingüe (ES/EN)","Investigar Curvas ROC y Calibración de Umbral en el contexto de: comparativa experimental rigurosa entre CART, Redes Neuronales MLP y GLM","https://scholar.google.com/scholar?q=%28%22comparative%20machine%20learning%20student%20dropout%22%20OR%20%22benchmark%20multimodelo%20predicci%C3%B3n%20fracaso%20escolar%22%29%20AND%20%28%22ROC%20AUC%20curve%22%29%20AND%20%28%22classification%20threshold%22%29"
"U4-TEC-011","02_APLICACION_TECNICAS","Análisis de Sensibilidad y Estabilidad","(""comparative machine learning student dropout"" OR ""benchmark multimodelo predicción fracaso escolar"") AND (""sensitivity analysis"") AND (""model stability"")","Bilingüe (ES/EN)","Investigar Análisis de Sensibilidad y Estabilidad en el contexto de: comparativa experimental rigurosa entre CART, Redes Neuronales MLP y GLM","https://scholar.google.com/scholar?q=%28%22comparative%20machine%20learning%20student%20dropout%22%20OR%20%22benchmark%20multimodelo%20predicci%C3%B3n%20fracaso%20escolar%22%29%20AND%20%28%22sensitivity%20analysis%22%29%20AND%20%28%22model%20stability%22%29"
"U4-TEC-012","02_APLICACION_TECNICAS","Visualización Diagnóstica de Resultados","(""comparative machine learning student dropout"" OR ""benchmark multimodelo predicción fracaso escolar"") AND (""diagnostic plots"") AND (""visual analytics"")","Bilingüe (ES/EN)","Investigar Visualización Diagnóstica de Resultados en el contexto de: comparativa experimental rigurosa entre CART, Redes Neuronales MLP y GLM","https://scholar.google.com/scholar?q=%28%22comparative%20machine%20learning%20student%20dropout%22%20OR%20%22benchmark%20multimodelo%20predicci%C3%B3n%20fracaso%20escolar%22%29%20AND%20%28%22diagnostic%20plots%22%29%20AND%20%28%22visual%20analytics%22%29"
"U4-TEC-013","02_APLICACION_TECNICAS","Comparación con Modelos de Referencia","(""comparative machine learning student dropout"" OR ""benchmark multimodelo predicción fracaso escolar"") AND (""baseline comparison"") AND (""performance benchmark"")","Bilingüe (ES/EN)","Investigar Comparación con Modelos de Referencia en el contexto de: comparativa experimental rigurosa entre CART, Redes Neuronales MLP y GLM","https://scholar.google.com/scholar?q=%28%22comparative%20machine%20learning%20student%20dropout%22%20OR%20%22benchmark%20multimodelo%20predicci%C3%B3n%20fracaso%20escolar%22%29%20AND%20%28%22baseline%20comparison%22%29%20AND%20%28%22performance%20benchmark%22%29"
"U4-TEC-014","02_APLICACION_TECNICAS","Interpretación y Reglas Extraídas","(""comparative machine learning student dropout"" OR ""benchmark multimodelo predicción fracaso escolar"") AND (""interpretation rules"") AND (""explainable AI"")","Bilingüe (ES/EN)","Investigar Interpretación y Reglas Extraídas en el contexto de: comparativa experimental rigurosa entre CART, Redes Neuronales MLP y GLM","https://scholar.google.com/scholar?q=%28%22comparative%20machine%20learning%20student%20dropout%22%20OR%20%22benchmark%20multimodelo%20predicci%C3%B3n%20fracaso%20escolar%22%29%20AND%20%28%22interpretation%20rules%22%29%20AND%20%28%22explainable%20AI%22%29"
"U4-TEC-015","02_APLICACION_TECNICAS","Despliegue y Validación Fuera de Muestra","(""comparative machine learning student dropout"" OR ""benchmark multimodelo predicción fracaso escolar"") AND (""out-of-sample deployment"") AND (""reproducibility"")","Bilingüe (ES/EN)","Investigar Despliegue y Validación Fuera de Muestra en el contexto de: comparativa experimental rigurosa entre CART, Redes Neuronales MLP y GLM","https://scholar.google.com/scholar?q=%28%22comparative%20machine%20learning%20student%20dropout%22%20OR%20%22benchmark%20multimodelo%20predicci%C3%B3n%20fracaso%20escolar%22%29%20AND%20%28%22out-of-sample%20deployment%22%29%20AND%20%28%22reproducibility%22%29"
"U4-DOC-001","03_DOCUMENTACION","Fundamentación Empírica del Problema","(""data mining project reporting"" OR ""documentación formal proyectos machine learning"") AND (""empirical application"") AND (""data mining"")","Bilingüe (ES/EN)","Investigar Fundamentación Empírica del Problema en el contexto de: redacción estructurada en 11 secciones, reproducibilidad y estándares LaTeX","https://scholar.google.com/scholar?q=%28%22data%20mining%20project%20reporting%22%20OR%20%22documentaci%C3%B3n%20formal%20proyectos%20machine%20learning%22%29%20AND%20%28%22empirical%20application%22%29%20AND%20%28%22data%20mining%22%29"
"U4-DOC-002","03_DOCUMENTACION","Caracterización del Dataset Público","(""data mining project reporting"" OR ""documentación formal proyectos machine learning"") AND (""public benchmark dataset"") AND (""machine learning"")","Bilingüe (ES/EN)","Investigar Caracterización del Dataset Público en el contexto de: redacción estructurada en 11 secciones, reproducibilidad y estándares LaTeX","https://scholar.google.com/scholar?q=%28%22data%20mining%20project%20reporting%22%20OR%20%22documentaci%C3%B3n%20formal%20proyectos%20machine%20learning%22%29%20AND%20%28%22public%20benchmark%20dataset%22%29%20AND%20%28%22machine%20learning%22%29"
"U4-DOC-003","03_DOCUMENTACION","Preprocesamiento y Limpieza de Variables","(""data mining project reporting"" OR ""documentación formal proyectos machine learning"") AND (""preprocessing"") AND (""data cleaning"")","Bilingüe (ES/EN)","Investigar Preprocesamiento y Limpieza de Variables en el contexto de: redacción estructurada en 11 secciones, reproducibilidad y estándares LaTeX","https://scholar.google.com/scholar?q=%28%22data%20mining%20project%20reporting%22%20OR%20%22documentaci%C3%B3n%20formal%20proyectos%20machine%20learning%22%29%20AND%20%28%22preprocessing%22%29%20AND%20%28%22data%20cleaning%22%29"
"U4-DOC-004","03_DOCUMENTACION","Tratamiento de Valores Perdidos y Outliers","(""data mining project reporting"" OR ""documentación formal proyectos machine learning"") AND (""missing data and outliers"") AND (""robust statistics"")","Bilingüe (ES/EN)","Investigar Tratamiento de Valores Perdidos y Outliers en el contexto de: redacción estructurada en 11 secciones, reproducibilidad y estándares LaTeX","https://scholar.google.com/scholar?q=%28%22data%20mining%20project%20reporting%22%20OR%20%22documentaci%C3%B3n%20formal%20proyectos%20machine%20learning%22%29%20AND%20%28%22missing%20data%20and%20outliers%22%29%20AND%20%28%22robust%20statistics%22%29"
"U4-DOC-005","03_DOCUMENTACION","Ingeniería y Selección de Características","(""data mining project reporting"" OR ""documentación formal proyectos machine learning"") AND (""feature engineering"") AND (""predictive variables"")","Bilingüe (ES/EN)","Investigar Ingeniería y Selección de Características en el contexto de: redacción estructurada en 11 secciones, reproducibilidad y estándares LaTeX","https://scholar.google.com/scholar?q=%28%22data%20mining%20project%20reporting%22%20OR%20%22documentaci%C3%B3n%20formal%20proyectos%20machine%20learning%22%29%20AND%20%28%22feature%20engineering%22%29%20AND%20%28%22predictive%20variables%22%29"
"U4-DOC-006","03_DOCUMENTACION","Entrenamiento del Modelo Principal","(""data mining project reporting"" OR ""documentación formal proyectos machine learning"") AND (""model training"") AND (""algorithm"")","Bilingüe (ES/EN)","Investigar Entrenamiento del Modelo Principal en el contexto de: redacción estructurada en 11 secciones, reproducibilidad y estándares LaTeX","https://scholar.google.com/scholar?q=%28%22data%20mining%20project%20reporting%22%20OR%20%22documentaci%C3%B3n%20formal%20proyectos%20machine%20learning%22%29%20AND%20%28%22model%20training%22%29%20AND%20%28%22algorithm%22%29"
"U4-DOC-007","03_DOCUMENTACION","Optimización de Hiperparámetros","(""data mining project reporting"" OR ""documentación formal proyectos machine learning"") AND (""hyperparameter tuning"") AND (""grid search"")","Bilingüe (ES/EN)","Investigar Optimización de Hiperparámetros en el contexto de: redacción estructurada en 11 secciones, reproducibilidad y estándares LaTeX","https://scholar.google.com/scholar?q=%28%22data%20mining%20project%20reporting%22%20OR%20%22documentaci%C3%B3n%20formal%20proyectos%20machine%20learning%22%29%20AND%20%28%22hyperparameter%20tuning%22%29%20AND%20%28%22grid%20search%22%29"
"U4-DOC-008","03_DOCUMENTACION","Validación Cruzada y Resampleo","(""data mining project reporting"" OR ""documentación formal proyectos machine learning"") AND (""cross-validation"") AND (""k-fold"")","Bilingüe (ES/EN)","Investigar Validación Cruzada y Resampleo en el contexto de: redacción estructurada en 11 secciones, reproducibilidad y estándares LaTeX","https://scholar.google.com/scholar?q=%28%22data%20mining%20project%20reporting%22%20OR%20%22documentaci%C3%B3n%20formal%20proyectos%20machine%20learning%22%29%20AND%20%28%22cross-validation%22%29%20AND%20%28%22k-fold%22%29"
"U4-DOC-009","03_DOCUMENTACION","Evaluación mediante Matriz de Confusión","(""data mining project reporting"" OR ""documentación formal proyectos machine learning"") AND (""confusion matrix"") AND (""accuracy recall"")","Bilingüe (ES/EN)","Investigar Evaluación mediante Matriz de Confusión en el contexto de: redacción estructurada en 11 secciones, reproducibilidad y estándares LaTeX","https://scholar.google.com/scholar?q=%28%22data%20mining%20project%20reporting%22%20OR%20%22documentaci%C3%B3n%20formal%20proyectos%20machine%20learning%22%29%20AND%20%28%22confusion%20matrix%22%29%20AND%20%28%22accuracy%20recall%22%29"
"U4-DOC-010","03_DOCUMENTACION","Curvas ROC y Calibración de Umbral","(""data mining project reporting"" OR ""documentación formal proyectos machine learning"") AND (""ROC AUC curve"") AND (""classification threshold"")","Bilingüe (ES/EN)","Investigar Curvas ROC y Calibración de Umbral en el contexto de: redacción estructurada en 11 secciones, reproducibilidad y estándares LaTeX","https://scholar.google.com/scholar?q=%28%22data%20mining%20project%20reporting%22%20OR%20%22documentaci%C3%B3n%20formal%20proyectos%20machine%20learning%22%29%20AND%20%28%22ROC%20AUC%20curve%22%29%20AND%20%28%22classification%20threshold%22%29"
"U4-DOC-011","03_DOCUMENTACION","Análisis de Sensibilidad y Estabilidad","(""data mining project reporting"" OR ""documentación formal proyectos machine learning"") AND (""sensitivity analysis"") AND (""model stability"")","Bilingüe (ES/EN)","Investigar Análisis de Sensibilidad y Estabilidad en el contexto de: redacción estructurada en 11 secciones, reproducibilidad y estándares LaTeX","https://scholar.google.com/scholar?q=%28%22data%20mining%20project%20reporting%22%20OR%20%22documentaci%C3%B3n%20formal%20proyectos%20machine%20learning%22%29%20AND%20%28%22sensitivity%20analysis%22%29%20AND%20%28%22model%20stability%22%29"
"U4-DOC-012","03_DOCUMENTACION","Visualización Diagnóstica de Resultados","(""data mining project reporting"" OR ""documentación formal proyectos machine learning"") AND (""diagnostic plots"") AND (""visual analytics"")","Bilingüe (ES/EN)","Investigar Visualización Diagnóstica de Resultados en el contexto de: redacción estructurada en 11 secciones, reproducibilidad y estándares LaTeX","https://scholar.google.com/scholar?q=%28%22data%20mining%20project%20reporting%22%20OR%20%22documentaci%C3%B3n%20formal%20proyectos%20machine%20learning%22%29%20AND%20%28%22diagnostic%20plots%22%29%20AND%20%28%22visual%20analytics%22%29"
"U4-DOC-013","03_DOCUMENTACION","Comparación con Modelos de Referencia","(""data mining project reporting"" OR ""documentación formal proyectos machine learning"") AND (""baseline comparison"") AND (""performance benchmark"")","Bilingüe (ES/EN)","Investigar Comparación con Modelos de Referencia en el contexto de: redacción estructurada en 11 secciones, reproducibilidad y estándares LaTeX","https://scholar.google.com/scholar?q=%28%22data%20mining%20project%20reporting%22%20OR%20%22documentaci%C3%B3n%20formal%20proyectos%20machine%20learning%22%29%20AND%20%28%22baseline%20comparison%22%29%20AND%20%28%22performance%20benchmark%22%29"
"U4-DOC-014","03_DOCUMENTACION","Interpretación y Reglas Extraídas","(""data mining project reporting"" OR ""documentación formal proyectos machine learning"") AND (""interpretation rules"") AND (""explainable AI"")","Bilingüe (ES/EN)","Investigar Interpretación y Reglas Extraídas en el contexto de: redacción estructurada en 11 secciones, reproducibilidad y estándares LaTeX","https://scholar.google.com/scholar?q=%28%22data%20mining%20project%20reporting%22%20OR%20%22documentaci%C3%B3n%20formal%20proyectos%20machine%20learning%22%29%20AND%20%28%22interpretation%20rules%22%29%20AND%20%28%22explainable%20AI%22%29"
"U4-DOC-015","03_DOCUMENTACION","Despliegue y Validación Fuera de Muestra","(""data mining project reporting"" OR ""documentación formal proyectos machine learning"") AND (""out-of-sample deployment"") AND (""reproducibility"")","Bilingüe (ES/EN)","Investigar Despliegue y Validación Fuera de Muestra en el contexto de: redacción estructurada en 11 secciones, reproducibilidad y estándares LaTeX","https://scholar.google.com/scholar?q=%28%22data%20mining%20project%20reporting%22%20OR%20%22documentaci%C3%B3n%20formal%20proyectos%20machine%20learning%22%29%20AND%20%28%22out-of-sample%20deployment%22%29%20AND%20%28%22reproducibility%22%29"
"U4-SUS-001","04_SUSTENTACION_RESULTADOS","Fundamentación Empírica del Problema","(""data science project defense"" OR ""sustentación y presentación de resultados analíticos"") AND (""empirical application"") AND (""data mining"")","Bilingüe (ES/EN)","Investigar Fundamentación Empírica del Problema en el contexto de: comunicación ejecutiva de KPIs, diseño visual y diapositivas para sustentación","https://scholar.google.com/scholar?q=%28%22data%20science%20project%20defense%22%20OR%20%22sustentaci%C3%B3n%20y%20presentaci%C3%B3n%20de%20resultados%20anal%C3%ADticos%22%29%20AND%20%28%22empirical%20application%22%29%20AND%20%28%22data%20mining%22%29"
"U4-SUS-002","04_SUSTENTACION_RESULTADOS","Caracterización del Dataset Público","(""data science project defense"" OR ""sustentación y presentación de resultados analíticos"") AND (""public benchmark dataset"") AND (""machine learning"")","Bilingüe (ES/EN)","Investigar Caracterización del Dataset Público en el contexto de: comunicación ejecutiva de KPIs, diseño visual y diapositivas para sustentación","https://scholar.google.com/scholar?q=%28%22data%20science%20project%20defense%22%20OR%20%22sustentaci%C3%B3n%20y%20presentaci%C3%B3n%20de%20resultados%20anal%C3%ADticos%22%29%20AND%20%28%22public%20benchmark%20dataset%22%29%20AND%20%28%22machine%20learning%22%29"
"U4-SUS-003","04_SUSTENTACION_RESULTADOS","Preprocesamiento y Limpieza de Variables","(""data science project defense"" OR ""sustentación y presentación de resultados analíticos"") AND (""preprocessing"") AND (""data cleaning"")","Bilingüe (ES/EN)","Investigar Preprocesamiento y Limpieza de Variables en el contexto de: comunicación ejecutiva de KPIs, diseño visual y diapositivas para sustentación","https://scholar.google.com/scholar?q=%28%22data%20science%20project%20defense%22%20OR%20%22sustentaci%C3%B3n%20y%20presentaci%C3%B3n%20de%20resultados%20anal%C3%ADticos%22%29%20AND%20%28%22preprocessing%22%29%20AND%20%28%22data%20cleaning%22%29"
"U4-SUS-004","04_SUSTENTACION_RESULTADOS","Tratamiento de Valores Perdidos y Outliers","(""data science project defense"" OR ""sustentación y presentación de resultados analíticos"") AND (""missing data and outliers"") AND (""robust statistics"")","Bilingüe (ES/EN)","Investigar Tratamiento de Valores Perdidos y Outliers en el contexto de: comunicación ejecutiva de KPIs, diseño visual y diapositivas para sustentación","https://scholar.google.com/scholar?q=%28%22data%20science%20project%20defense%22%20OR%20%22sustentaci%C3%B3n%20y%20presentaci%C3%B3n%20de%20resultados%20anal%C3%ADticos%22%29%20AND%20%28%22missing%20data%20and%20outliers%22%29%20AND%20%28%22robust%20statistics%22%29"
"U4-SUS-005","04_SUSTENTACION_RESULTADOS","Ingeniería y Selección de Características","(""data science project defense"" OR ""sustentación y presentación de resultados analíticos"") AND (""feature engineering"") AND (""predictive variables"")","Bilingüe (ES/EN)","Investigar Ingeniería y Selección de Características en el contexto de: comunicación ejecutiva de KPIs, diseño visual y diapositivas para sustentación","https://scholar.google.com/scholar?q=%28%22data%20science%20project%20defense%22%20OR%20%22sustentaci%C3%B3n%20y%20presentaci%C3%B3n%20de%20resultados%20anal%C3%ADticos%22%29%20AND%20%28%22feature%20engineering%22%29%20AND%20%28%22predictive%20variables%22%29"
"U4-SUS-006","04_SUSTENTACION_RESULTADOS","Entrenamiento del Modelo Principal","(""data science project defense"" OR ""sustentación y presentación de resultados analíticos"") AND (""model training"") AND (""algorithm"")","Bilingüe (ES/EN)","Investigar Entrenamiento del Modelo Principal en el contexto de: comunicación ejecutiva de KPIs, diseño visual y diapositivas para sustentación","https://scholar.google.com/scholar?q=%28%22data%20science%20project%20defense%22%20OR%20%22sustentaci%C3%B3n%20y%20presentaci%C3%B3n%20de%20resultados%20anal%C3%ADticos%22%29%20AND%20%28%22model%20training%22%29%20AND%20%28%22algorithm%22%29"
"U4-SUS-007","04_SUSTENTACION_RESULTADOS","Optimización de Hiperparámetros","(""data science project defense"" OR ""sustentación y presentación de resultados analíticos"") AND (""hyperparameter tuning"") AND (""grid search"")","Bilingüe (ES/EN)","Investigar Optimización de Hiperparámetros en el contexto de: comunicación ejecutiva de KPIs, diseño visual y diapositivas para sustentación","https://scholar.google.com/scholar?q=%28%22data%20science%20project%20defense%22%20OR%20%22sustentaci%C3%B3n%20y%20presentaci%C3%B3n%20de%20resultados%20anal%C3%ADticos%22%29%20AND%20%28%22hyperparameter%20tuning%22%29%20AND%20%28%22grid%20search%22%29"
"U4-SUS-008","04_SUSTENTACION_RESULTADOS","Validación Cruzada y Resampleo","(""data science project defense"" OR ""sustentación y presentación de resultados analíticos"") AND (""cross-validation"") AND (""k-fold"")","Bilingüe (ES/EN)","Investigar Validación Cruzada y Resampleo en el contexto de: comunicación ejecutiva de KPIs, diseño visual y diapositivas para sustentación","https://scholar.google.com/scholar?q=%28%22data%20science%20project%20defense%22%20OR%20%22sustentaci%C3%B3n%20y%20presentaci%C3%B3n%20de%20resultados%20anal%C3%ADticos%22%29%20AND%20%28%22cross-validation%22%29%20AND%20%28%22k-fold%22%29"
"U4-SUS-009","04_SUSTENTACION_RESULTADOS","Evaluación mediante Matriz de Confusión","(""data science project defense"" OR ""sustentación y presentación de resultados analíticos"") AND (""confusion matrix"") AND (""accuracy recall"")","Bilingüe (ES/EN)","Investigar Evaluación mediante Matriz de Confusión en el contexto de: comunicación ejecutiva de KPIs, diseño visual y diapositivas para sustentación","https://scholar.google.com/scholar?q=%28%22data%20science%20project%20defense%22%20OR%20%22sustentaci%C3%B3n%20y%20presentaci%C3%B3n%20de%20resultados%20anal%C3%ADticos%22%29%20AND%20%28%22confusion%20matrix%22%29%20AND%20%28%22accuracy%20recall%22%29"
"U4-SUS-010","04_SUSTENTACION_RESULTADOS","Curvas ROC y Calibración de Umbral","(""data science project defense"" OR ""sustentación y presentación de resultados analíticos"") AND (""ROC AUC curve"") AND (""classification threshold"")","Bilingüe (ES/EN)","Investigar Curvas ROC y Calibración de Umbral en el contexto de: comunicación ejecutiva de KPIs, diseño visual y diapositivas para sustentación","https://scholar.google.com/scholar?q=%28%22data%20science%20project%20defense%22%20OR%20%22sustentaci%C3%B3n%20y%20presentaci%C3%B3n%20de%20resultados%20anal%C3%ADticos%22%29%20AND%20%28%22ROC%20AUC%20curve%22%29%20AND%20%28%22classification%20threshold%22%29"
"U4-SUS-011","04_SUSTENTACION_RESULTADOS","Análisis de Sensibilidad y Estabilidad","(""data science project defense"" OR ""sustentación y presentación de resultados analíticos"") AND (""sensitivity analysis"") AND (""model stability"")","Bilingüe (ES/EN)","Investigar Análisis de Sensibilidad y Estabilidad en el contexto de: comunicación ejecutiva de KPIs, diseño visual y diapositivas para sustentación","https://scholar.google.com/scholar?q=%28%22data%20science%20project%20defense%22%20OR%20%22sustentaci%C3%B3n%20y%20presentaci%C3%B3n%20de%20resultados%20anal%C3%ADticos%22%29%20AND%20%28%22sensitivity%20analysis%22%29%20AND%20%28%22model%20stability%22%29"
"U4-SUS-012","04_SUSTENTACION_RESULTADOS","Visualización Diagnóstica de Resultados","(""data science project defense"" OR ""sustentación y presentación de resultados analíticos"") AND (""diagnostic plots"") AND (""visual analytics"")","Bilingüe (ES/EN)","Investigar Visualización Diagnóstica de Resultados en el contexto de: comunicación ejecutiva de KPIs, diseño visual y diapositivas para sustentación","https://scholar.google.com/scholar?q=%28%22data%20science%20project%20defense%22%20OR%20%22sustentaci%C3%B3n%20y%20presentaci%C3%B3n%20de%20resultados%20anal%C3%ADticos%22%29%20AND%20%28%22diagnostic%20plots%22%29%20AND%20%28%22visual%20analytics%22%29"
"U4-SUS-013","04_SUSTENTACION_RESULTADOS","Comparación con Modelos de Referencia","(""data science project defense"" OR ""sustentación y presentación de resultados analíticos"") AND (""baseline comparison"") AND (""performance benchmark"")","Bilingüe (ES/EN)","Investigar Comparación con Modelos de Referencia en el contexto de: comunicación ejecutiva de KPIs, diseño visual y diapositivas para sustentación","https://scholar.google.com/scholar?q=%28%22data%20science%20project%20defense%22%20OR%20%22sustentaci%C3%B3n%20y%20presentaci%C3%B3n%20de%20resultados%20anal%C3%ADticos%22%29%20AND%20%28%22baseline%20comparison%22%29%20AND%20%28%22performance%20benchmark%22%29"
"U4-SUS-014","04_SUSTENTACION_RESULTADOS","Interpretación y Reglas Extraídas","(""data science project defense"" OR ""sustentación y presentación de resultados analíticos"") AND (""interpretation rules"") AND (""explainable AI"")","Bilingüe (ES/EN)","Investigar Interpretación y Reglas Extraídas en el contexto de: comunicación ejecutiva de KPIs, diseño visual y diapositivas para sustentación","https://scholar.google.com/scholar?q=%28%22data%20science%20project%20defense%22%20OR%20%22sustentaci%C3%B3n%20y%20presentaci%C3%B3n%20de%20resultados%20anal%C3%ADticos%22%29%20AND%20%28%22interpretation%20rules%22%29%20AND%20%28%22explainable%20AI%22%29"
"U4-SUS-015","04_SUSTENTACION_RESULTADOS","Despliegue y Validación Fuera de Muestra","(""data science project defense"" OR ""sustentación y presentación de resultados analíticos"") AND (""out-of-sample deployment"") AND (""reproducibility"")","Bilingüe (ES/EN)","Investigar Despliegue y Validación Fuera de Muestra en el contexto de: comunicación ejecutiva de KPIs, diseño visual y diapositivas para sustentación","https://scholar.google.com/scholar?q=%28%22data%20science%20project%20defense%22%20OR%20%22sustentaci%C3%B3n%20y%20presentaci%C3%B3n%20de%20resultados%20anal%C3%ADticos%22%29%20AND%20%28%22out-of-sample%20deployment%22%29%20AND%20%28%22reproducibility%22%29"
